event_date,route_id,route_label,route_name,direction_id,stop_id,stop_name,stop_lat,stop_lon,lead_trip_id,trailing_trip_id,first_seen,last_seen,first_predicted_arrival,last_predicted_arrival,event_hour,min_actual_headway_seconds,median_actual_headway_seconds,scheduled_headway_seconds,bunch_threshold_seconds,snapshots_flagged,source_files,headway_source,lead_headsign,trailing_headsign,min_actual_headway_minutes,scheduled_headway_minutes,bunch_threshold_minutes
2026-08-24,31,R,R - Red,0,103,Vet Clinic on Wilson Dr,36.202049255371094,-81.67160034179688,152,173,2026-08-24 15:59:49 EDT,2026-08-24 16:00:09 EDT,2026-08-24 16:01:00 EDT,2026-08-24 16:02:00 EDT,16:00,120,150.0,900.0,225.0,4,volpe_ip3_dev.gtfsrt.ac_stop_time_updates,trip_pair,Inbound,Inbound,2.0,15.0,3.75
2026-08-24,31,R,R - Red,0,8,Watauga Medical Center,36.198394775390625,-81.65241241455078,152,173,2026-08-24 16:07:35 EDT,2026-08-24 16:08:48 EDT,2026-08-24 16:11:00 EDT,2026-08-24 16:12:00 EDT,16:00,180,180.0,900.0,225.0,6,volpe_ip3_dev.gtfsrt.ac_stop_time_updates,trip_pair,Inbound,Inbound,3.0,15.0,3.75
2026-08-24,31,R,R - Red,0,108,Walmart 2,36.198158264160156,-81.65874481201172,152,173,2026-08-24 16:17:44 EDT,2026-08-24 16:18:17 EDT,2026-08-24 16:19:00 EDT,2026-08-24 16:19:00 EDT,16:00,60,60.0,900.0,225.0,4,volpe_ip3_dev.gtfsrt.ac_stop_time_updates,trip_pair,Inbound,Inbound,1.0,15.0,3.75
2026-08-24,31,R,R - Red,0,92,Greenway Rd Parking Lot,36.19805145263672,-81.66397857666016,152,173,2026-08-24 16:19:47 EDT,2026-08-24 16:20:42 EDT,2026-08-24 16:20:00 EDT,2026-08-24 16:21:00 EDT,16:00,0,60.0,900.0,225.0,6,volpe_ip3_dev.gtfsrt.ac_stop_time_updates,trip_pair,Inbound,Inbound,0.0,15.0,3.75
2026-08-24,31,R,R - Red,0,93,Greenway Business Park,36.19855499267578,-81.6678237915039,152,173,2026-08-24 16:21:47 EDT,2026-08-24 16:21:47 EDT,2026-08-24 16:21:00 EDT,2026-08-24 16:21:00 EDT,16:00,0,0.0,900.0,225.0,2,volpe_ip3_dev.gtfsrt.ac_stop_time_updates,trip_pair,Inbound,Inbound,0.0,15.0,3.75
2026-08-24,31,R,R - Red,0,111,NC 105 Ext / Azalea Dr,36.20625305175781,-81.66854858398438,152,173,2026-08-24 16:24:43 EDT,2026-08-24 16:27:12 EDT,2026-08-24 16:26:00 EDT,2026-08-24 16:28:00 EDT,16:00,0,30.0,900.0,225.0,12,volpe_ip3_dev.gtfsrt.ac_stop_time_updates,trip_pair,Inbound,Inbound,0.0,15.0,3.75
2026-08-24,31,R,R - Red,0,109,Beverly Heights Ave,36.210838317871094,-81.66700744628906,152,173,2026-08-24 16:28:43 EDT,2026-08-24 16:29:13 EDT,2026-08-24 16:28:00 EDT,2026-08-24 16:29:00 EDT,16:00,0,30.0,900.0,225.0,4,volpe_ip3_dev.gtfsrt.ac_stop_time_updates,trip_pair,Inbound,Inbound,0.0,15.0,3.75
2026-08-24,31,R,R - Red,0,110,Quail Drive,36.21404266357422,-81.66873168945312,152,173,2026-08-24 16:29:39 EDT,2026-08-24 16:29:39 EDT,2026-08-24 16:29:00 EDT,2026-08-24 16:29:00 EDT,16:00,0,0.0,900.0,225.0,2,volpe_ip3_dev.gtfsrt.ac_stop_time_updates,trip_pair,Inbound,Inbound,0.0,15.0,3.75
2026-08-24,31,R,R - Red,0,55,Kingswood,36.21635818481445,-81.67219543457031,152,173,2026-08-24 16:30:16 EDT,2026-08-24 16:32:45 EDT,2026-08-24 16:31:00 EDT,2026-08-24 16:33:00 EDT,16:00,0,0.0,900.0,225.0,12,volpe_ip3_dev.gtfsrt.ac_stop_time_updates,trip_pair,Inbound,Inbound,0.0,15.0,3.75
2026-08-24,31,R,R - Red,0,56,Earth Fare,36.21662902832031,-81.67589569091797,152,173,2026-08-24 16:33:42 EDT,2026-08-24 16:34:49 EDT,2026-08-24 16:34:00 EDT,2026-08-24 16:35:00 EDT,16:00,0,0.0,900.0,225.0,6,volpe_ip3_dev.gtfsrt.ac_stop_time_updates,trip_pair,Inbound,Inbound,0.0,15.0,3.75
2026-08-24,31,R,R - Red,0,72,Dan'l Boone Inn,36.2163200378418,-81.67489624023438,153,174,2026-08-24 16:38:07 EDT,2026-08-24 16:41:47 EDT,2026-08-24 16:39:00 EDT,2026-08-24 16:42:00 EDT,16:00,0,0.0,900.0,225.0,16,volpe_ip3_dev.gtfsrt.ac_stop_time_updates,trip_pair,Inbound,Inbound,0.0,15.0,3.75
2026-08-24,31,R,R - Red,0,103,Vet Clinic on Wilson Dr,36.202049255371094,-81.67160034179688,153,174,2026-08-24 16:49:07 EDT,2026-08-24 16:49:07 EDT,2026-08-24 16:51:00 EDT,2026-08-24 16:51:00 EDT,16:00,120,120.0,900.0,225.0,2,volpe_ip3_dev.gtfsrt.ac_stop_time_updates,trip_pair,Inbound,Inbound,2.0,15.0,3.75
2026-08-24,31,R,R - Red,0,8,Watauga Medical Center,36.198394775390625,-81.65241241455078,153,174,2026-08-24 16:55:10 EDT,2026-08-24 16:56:40 EDT,2026-08-24 16:59:00 EDT,2026-08-24 17:00:00 EDT,16:00,120,180.0,900.0,225.0,8,volpe_ip3_dev.gtfsrt.ac_stop_time_updates,trip_pair,Inbound,Inbound,2.0,15.0,3.75
2026-08-24,31,R,R - Red,0,108,Walmart 2,36.198158264160156,-81.65874481201172,153,174,2026-08-24 17:03:41 EDT,2026-08-24 17:03:41 EDT,2026-08-24 17:04:00 EDT,2026-08-24 17:04:00 EDT,17:00,60,60.0,900.0,225.0,2,volpe_ip3_dev.gtfsrt.ac_stop_time_updates,trip_pair,Inbound,Inbound,1.0,15.0,3.75
2026-08-24,31,R,R - Red,0,111,NC 105 Ext / Azalea Dr,36.20625305175781,-81.66854858398438,153,174,2026-08-24 17:11:09 EDT,2026-08-24 17:13:11 EDT,2026-08-24 17:13:00 EDT,2026-08-24 17:14:00 EDT,17:00,0,60.0,900.0,225.0,10,volpe_ip3_dev.gtfsrt.ac_stop_time_updates,trip_pair,Inbound,Inbound,0.0,15.0,3.75
2026-08-24,31,R,R - Red,0,55,Kingswood,36.21635818481445,-81.67219543457031,153,174,2026-08-24 17:18:23 EDT,2026-08-24 17:18:38 EDT,2026-08-24 17:19:00 EDT,2026-08-24 17:19:00 EDT,17:00,60,60.0,900.0,225.0,4,volpe_ip3_dev.gtfsrt.ac_stop_time_updates,trip_pair,Inbound,Inbound,1.0,15.0,3.75
2026-08-24,31,R,R - Red,0,72,Dan'l Boone Inn,36.2163200378418,-81.67489624023438,154,175,2026-08-24 17:23:49 EDT,2026-08-24 17:29:39 EDT,2026-08-24 17:24:00 EDT,2026-08-24 17:29:00 EDT,17:00,0,0.0,900.0,225.0,26,volpe_ip3_dev.gtfsrt.ac_stop_time_updates,trip_pair,Inbound,Inbound,0.0,15.0,3.75
2026-08-24,31,R,R - Red,0,73,King St / Hillside Dr,36.216163635253906,-81.67047119140625,154,175,2026-08-24 17:30:48 EDT,2026-08-24 17:31:18 EDT,2026-08-24 17:31:00 EDT,2026-08-24 17:32:00 EDT,17:00,60,60.0,900.0,225.0,4,volpe_ip3_dev.gtfsrt.ac_stop_time_updates,trip_pair,Inbound,Inbound,1.0,15.0,3.75
2026-08-24,31,R,R - Red,0,102,ASU Mountain Laurel Hall / NC 105 Ext,36.206478118896484,-81.66874694824219,154,175,2026-08-24 17:31:36 EDT,2026-08-24 17:38:51 EDT,2026-08-24 17:33:00 EDT,2026-08-24 17:38:00 EDT,17:00,0,0.0,900.0,225.0,30,volpe_ip3_dev.gtfsrt.ac_stop_time_updates,trip_pair,Inbound,Inbound,0.0,15.0,3.75
2026-08-24,31,R,R - Red,0,103,Vet Clinic on Wilson Dr,36.202049255371094,-81.67160034179688,154,175,2026-08-24 17:39:10 EDT,2026-08-24 17:44:22 EDT,2026-08-24 17:41:00 EDT,2026-08-24 17:44:00 EDT,17:00,0,0.0,900.0,225.0,22,volpe_ip3_dev.gtfsrt.ac_stop_time_updates,trip_pair,Inbound,Inbound,0.0,15.0,3.75
2026-08-24,31,R,R - Red,0,104,Winkler's Meadow,36.19975662231445,-81.67057037353516,154,175,2026-08-24 17:44:41 EDT,2026-08-24 17:44:41 EDT,2026-08-24 17:44:00 EDT,2026-08-24 17:44:00 EDT,17:00,0,0.0,900.0,225.0,2,volpe_ip3_dev.gtfsrt.ac_stop_time_updates,trip_pair,Inbound,Inbound,0.0,15.0,3.75
2026-08-24,31,R,R - Red,0,105,Watauga Opportunities,36.198448181152344,-81.66809844970703,154,175,2026-08-24 17:45:16 EDT,2026-08-24 17:45:16 EDT,2026-08-24 17:46:00 EDT,2026-08-24 17:46:00 EDT,17:00,0,0.0,900.0,225.0,2,volpe_ip3_dev.gtfsrt.ac_stop_time_updates,trip_pair,Inbound,Inbound,0.0,15.0,3.75
2026-08-24,31,R,R - Red,0,105,Watauga Opportunities,36.198448181152344,-81.66809844970703,175,154,2026-08-24 17:45:50 EDT,2026-08-24 17:45:50 EDT,2026-08-24 17:46:00 EDT,2026-08-24 17:46:00 EDT,17:00,60,60.0,900.0,225.0,2,volpe_ip3_dev.gtfsrt.ac_stop_time_updates,trip_pair,Inbound,Inbound,1.0,15.0,3.75
2026-08-24,31,R,R - Red,0,8,Watauga Medical Center,36.198394775390625,-81.65241241455078,154,175,2026-08-24 17:48:21 EDT,2026-08-24 17:49:19 EDT,2026-08-24 17:52:00 EDT,2026-08-24 17:53:00 EDT,17:00,0,0.0,900.0,225.0,6,volpe_ip3_dev.gtfsrt.ac_stop_time_updates,trip_pair,Inbound,Inbound,0.0,15.0,3.75
2026-08-24,31,R,R - Red,0,8,Watauga Medical Center,36.198394775390625,-81.65241241455078,175,154,2026-08-24 17:49:51 EDT,2026-08-24 17:52:46 EDT,2026-08-24 17:53:00 EDT,2026-08-24 17:55:00 EDT,17:00,60,60.0,900.0,225.0,14,volpe_ip3_dev.gtfsrt.ac_stop_time_updates,trip_pair,Inbound,Inbound,1.0,15.0,3.75
2026-08-24,31,R,R - Red,0,106,Boone Heights 1,36.20238494873047,-81.65646362304688,175,154,2026-08-24 17:58:41 EDT,2026-08-24 17:59:18 EDT,2026-08-24 17:59:00 EDT,2026-08-24 18:00:00 EDT,17:00,60,60.0,900.0,225.0,4,volpe_ip3_dev.gtfsrt.ac_stop_time_updates,trip_pair,Inbound,Inbound,1.0,15.0,3.75
2026-08-25,9,PK,PK - Pink,0,14,ASU Mountain Laurel Hall,36.206146240234375,-81.67009735107422,750,826,2026-08-25 16:11:20 EDT,2026-08-25 16:11:50 EDT,2026-08-25 16:11:00 EDT,2026-08-25 16:11:00 EDT,16:00,0,0.0,600.0,150.0,4,volpe_ip3_dev.gtfsrt.ac_stop_time_updates,trip_pair,Inbound,Inbound,0.0,10.0,2.5
2026-08-25,9,PK,PK - Pink,0,14,ASU Mountain Laurel Hall,36.206146240234375,-81.67009735107422,826,750,2026-08-25 16:10:17 EDT,2026-08-25 16:10:51 EDT,2026-08-25 16:11:00 EDT,2026-08-25 16:11:00 EDT,16:00,60,60.0,600.0,150.0,4,volpe_ip3_dev.gtfsrt.ac_stop_time_updates,trip_pair,Inbound,Inbound,1.0,10.0,2.5
2026-08-25,9,PK,PK - Pink,0,36,ASU Skywalk,36.21227264404297,-81.67963409423828,750,826,2026-08-25 16:13:47 EDT,2026-08-25 16:13:47 EDT,2026-08-25 16:14:00 EDT,2026-08-25 16:14:00 EDT,16:00,0,0.0,600.0,150.0,2,volpe_ip3_dev.gtfsrt.ac_stop_time_updates,trip_pair,Inbound,Inbound,0.0,10.0,2.5
2026-08-25,9,PK,PK - Pink,0,36,ASU Skywalk,36.21227264404297,-81.67963409423828,826,750,2026-08-25 16:13:17 EDT,2026-08-25 16:14:15 EDT,2026-08-25 16:15:00 EDT,2026-08-25 16:15:00 EDT,16:00,60,60.0,600.0,150.0,3,volpe_ip3_dev.gtfsrt.ac_stop_time_updates,trip_pair,Inbound,Inbound,1.0,10.0,2.5
2026-08-25,9,PK,PK - Pink,0,26,ASU Garwood Hall,36.21305465698242,-81.68165588378906,751,827,2026-08-25 16:20:55 EDT,2026-08-25 16:21:16 EDT,2026-08-25 16:21:00 EDT,2026-08-25 16:21:00 EDT,16:00,0,30.0,600.0,150.0,4,volpe_ip3_dev.gtfsrt.ac_stop_time_updates,trip_pair,Inbound,Inbound,0.0,10.0,2.5
2026-08-25,9,PK,PK - Pink,0,26,ASU Garwood Hall,36.21305465698242,-81.68165588378906,3391,808,2026-08-25 17:52:28 EDT,2026-08-25 17:52:57 EDT,2026-08-25 17:53:00 EDT,2026-08-25 17:53:00 EDT,17:00,0,0.0,600.0,150.0,4,volpe_ip3_dev.gtfsrt.ac_stop_time_updates,trip_pair,Inbound,Inbound,0.0,10.0,2.5
2026-08-25,9,PK,PK - Pink,0,26,ASU Garwood Hall,36.21305465698242,-81.68165588378906,808,3391,2026-08-25 17:53:25 EDT,2026-08-25 17:53:25 EDT,2026-08-25 17:54:00 EDT,2026-08-25 17:54:00 EDT,17:00,60,60.0,600.0,150.0,2,volpe_ip3_dev.gtfsrt.ac_stop_time_updates,trip_pair,Inbound,Inbound,1.0,10.0,2.5
2026-08-25,9,PK,PK - Pink,0,28,Highland Avenue,36.2090950012207,-81.67361450195312,3391,808,2026-08-25 17:55:51 EDT,2026-08-25 17:56:54 EDT,2026-08-25 17:56:00 EDT,2026-08-25 17:57:00 EDT,17:00,0,0.0,600.0,150.0,6,volpe_ip3_dev.gtfsrt.ac_stop_time_updates,trip_pair,Inbound,Inbound,0.0,10.0,2.5
2026-08-25,10,POP,POP - POP105,0,27,ASU Convocation Center,36.2109375,-81.67520141601562,2867,2910,2026-08-25 16:07:21 EDT,2026-08-25 16:08:53 EDT,2026-08-25 16:08:00 EDT,2026-08-25 16:08:00 EDT,16:00,0,0.0,900.0,225.0,6,volpe_ip3_dev.gtfsrt.ac_stop_time_updates,trip_pair,Inbound,Inbound,0.0,15.0,3.75
2026-08-25,10,POP,POP - POP105,0,27,ASU Convocation Center,36.2109375,-81.67520141601562,2910,2867,2026-08-25 16:08:12 EDT,2026-08-25 16:08:12 EDT,2026-08-25 16:09:00 EDT,2026-08-25 16:09:00 EDT,16:00,60,60.0,900.0,225.0,2,volpe_ip3_dev.gtfsrt.ac_stop_time_updates,trip_pair,Inbound,Inbound,1.0,15.0,3.75
2026-08-25,10,POP,POP - POP105,0,28,Highland Avenue,36.2090950012207,-81.67361450195312,2867,2910,2026-08-25 16:09:26 EDT,2026-08-25 16:09:26 EDT,2026-08-25 16:09:30 EDT,2026-08-25 16:09:30 EDT,16:00,0,0.0,900.0,225.0,2,volpe_ip3_dev.gtfsrt.ac_stop_time_updates,trip_pair,Inbound,Inbound,0.0,15.0,3.75
2026-08-25,10,POP,POP - POP105,0,29,McDonalds,36.20663833618164,-81.67127227783203,2867,2910,2026-08-25 16:09:54 EDT,2026-08-25 16:10:16 EDT,2026-08-25 16:10:00 EDT,2026-08-25 16:10:00 EDT,16:00,0,0.0,900.0,225.0,4,volpe_ip3_dev.gtfsrt.ac_stop_time_updates,trip_pair,Inbound,Inbound,0.0,15.0,3.75
2026-08-25,10,POP,POP - POP105,0,58,Casa Rustica,36.20296859741211,-81.6761474609375,2867,2910,2026-08-25 16:10:54 EDT,2026-08-25 16:13:44 EDT,2026-08-25 16:11:00 EDT,2026-08-25 16:13:00 EDT,16:00,0,0.0,900.0,225.0,14,volpe_ip3_dev.gtfsrt.ac_stop_time_updates,trip_pair,Inbound,Inbound,0.0,15.0,3.75
2026-08-25,10,POP,POP - POP105,0,59,Hodges Creek,36.201904296875,-81.67948913574219,2910,2867,2026-08-25 16:14:21 EDT,2026-08-25 16:14:21 EDT,2026-08-25 16:14:00 EDT,2026-08-25 16:14:00 EDT,16:00,60,60.0,900.0,225.0,2,volpe_ip3_dev.gtfsrt.ac_stop_time_updates,trip_pair,Inbound,Inbound,1.0,15.0,3.75
2026-08-25,10,POP,POP - POP105,0,122,Poplar Hill Dr,36.202545166015625,-81.68556213378906,2910,2867,2026-08-25 16:14:49 EDT,2026-08-25 16:14:49 EDT,2026-08-25 16:15:00 EDT,2026-08-25 16:15:00 EDT,16:00,60,60.0,900.0,225.0,2,volpe_ip3_dev.gtfsrt.ac_stop_time_updates,trip_pair,Inbound,Inbound,1.0,15.0,3.75
2026-08-25,10,POP,POP - POP105,0,124,Forest Edge,36.20724105834961,-81.7012710571289,2867,2910,2026-08-25 16:16:48 EDT,2026-08-25 16:16:48 EDT,2026-08-25 16:16:00 EDT,2026-08-25 16:16:00 EDT,16:00,0,0.0,900.0,225.0,2,volpe_ip3_dev.gtfsrt.ac_stop_time_updates,trip_pair,Inbound,Inbound,0.0,15.0,3.75
2026-08-25,10,POP,POP - POP105,0,136,Homestead Recovery,36.205806732177734,-81.6964111328125,2910,2867,2026-08-25 16:16:22 EDT,2026-08-25 16:16:22 EDT,2026-08-25 16:16:00 EDT,2026-08-25 16:16:00 EDT,16:00,60,60.0,900.0,225.0,2,volpe_ip3_dev.gtfsrt.ac_stop_time_updates,trip_pair,Inbound,Inbound,1.0,15.0,3.75
2026-08-25,10,POP,POP - POP105,0,84,Hodges Gap Rd,36.20937728881836,-81.70649719238281,2867,2911,2026-08-25 16:19:20 EDT,2026-08-25 16:21:51 EDT,2026-08-25 16:21:00 EDT,2026-08-25 16:22:00 EDT,16:00,0,30.0,900.0,225.0,12,volpe_ip3_dev.gtfsrt.ac_stop_time_updates,trip_pair,Inbound,Inbound,0.0,15.0,3.75
2026-08-25,31,R,R - Red,0,111,NC 105 Ext / Azalea Dr,36.20625305175781,-81.66854858398438,153,188,2026-08-25 16:57:49 EDT,2026-08-25 17:01:49 EDT,2026-08-25 16:59:00 EDT,2026-08-25 17:02:00 EDT,16:00,0,0.0,900.0,225.0,14,volpe_ip3_dev.gtfsrt.ac_stop_time_updates,trip_pair,Inbound,Inbound,0.0,15.0,3.75
2026-08-25,31,R,R - Red,0,111,NC 105 Ext / Azalea Dr,36.20625305175781,-81.66854858398438,188,153,2026-08-25 16:56:46 EDT,2026-08-25 16:59:20 EDT,2026-08-25 16:59:00 EDT,2026-08-25 17:01:00 EDT,16:00,60,60.0,900.0,225.0,8,volpe_ip3_dev.gtfsrt.ac_stop_time_updates,trip_pair,Inbound,Inbound,1.0,15.0,3.75
2026-08-25,31,R,R - Red,0,55,Kingswood,36.21635818481445,-81.67219543457031,153,188,2026-08-25 17:05:51 EDT,2026-08-25 17:06:50 EDT,2026-08-25 17:06:00 EDT,2026-08-25 17:07:00 EDT,17:00,0,0.0,900.0,225.0,6,volpe_ip3_dev.gtfsrt.ac_stop_time_updates,trip_pair,Inbound,Inbound,0.0,15.0,3.75
2026-08-25,31,R,R - Red,0,55,Kingswood,36.21635818481445,-81.67219543457031,188,153,2026-08-25 17:07:20 EDT,2026-08-25 17:07:20 EDT,2026-08-25 17:08:00 EDT,2026-08-25 17:08:00 EDT,17:00,60,60.0,900.0,225.0,2,volpe_ip3_dev.gtfsrt.ac_stop_time_updates,trip_pair,Inbound,Inbound,1.0,15.0,3.75
2026-08-25,31,R,R - Red,0,56,Earth Fare,36.21662902832031,-81.67589569091797,153,188,2026-08-25 17:08:16 EDT,2026-08-25 17:08:16 EDT,2026-08-25 17:09:00 EDT,2026-08-25 17:09:00 EDT,17:00,0,0.0,900.0,225.0,2,volpe_ip3_dev.gtfsrt.ac_stop_time_updates,trip_pair,Inbound,Inbound,0.0,15.0,3.75
2026-08-25,31,R,R - Red,0,56,Earth Fare,36.21662902832031,-81.67589569091797,188,153,2026-08-25 17:08:50 EDT,2026-08-25 17:08:50 EDT,2026-08-25 17:09:00 EDT,2026-08-25 17:09:00 EDT,17:00,60,60.0,900.0,225.0,2,volpe_ip3_dev.gtfsrt.ac_stop_time_updates,trip_pair,Inbound,Inbound,1.0,15.0,3.75
2026-08-25,31,R,R - Red,0,103,Vet Clinic on Wilson Dr,36.202049255371094,-81.67160034179688,154,175,2026-08-25 17:31:27 EDT,2026-08-25 17:32:48 EDT,2026-08-25 17:33:00 EDT,2026-08-25 17:34:00 EDT,17:00,60,60.0,900.0,225.0,8,volpe_ip3_dev.gtfsrt.ac_stop_time_updates,trip_pair,Inbound,Inbound,1.0,15.0,3.75
2026-08-25,31,R,R - Red,0,8,Watauga Medical Center,36.198394775390625,-81.65241241455078,154,175,2026-08-25 17:39:30 EDT,2026-08-25 17:41:47 EDT,2026-08-25 17:43:00 EDT,2026-08-25 17:45:00 EDT,17:00,0,120.0,900.0,225.0,12,volpe_ip3_dev.gtfsrt.ac_stop_time_updates,trip_pair,Inbound,Inbound,0.0,15.0,3.75
2026-08-25,31,R,R - Red,0,106,Boone Heights 1,36.20238494873047,-81.65646362304688,175,154,2026-08-25 17:47:48 EDT,2026-08-25 17:48:25 EDT,2026-08-25 17:48:00 EDT,2026-08-25 17:49:00 EDT,17:00,60,60.0,900.0,225.0,4,volpe_ip3_dev.gtfsrt.ac_stop_time_updates,trip_pair,Inbound,Inbound,1.0,15.0,3.75
2026-08-25,31,R,R - Red,0,10,Parks & Rec,36.202579498291016,-81.65420532226562,154,175,2026-08-25 17:47:00 EDT,2026-08-25 17:47:21 EDT,2026-08-25 17:50:00 EDT,2026-08-25 17:51:00 EDT,17:00,60,60.0,900.0,225.0,4,volpe_ip3_dev.gtfsrt.ac_stop_time_updates,trip_pair,Inbound,Inbound,1.0,15.0,3.75
2026-08-25,31,R,R - Red,0,10,Parks & Rec,36.202579498291016,-81.65420532226562,175,154,2026-08-25 17:46:28 EDT,2026-08-25 17:46:28 EDT,2026-08-25 17:50:00 EDT,2026-08-25 17:50:00 EDT,17:00,60,60.0,900.0,225.0,2,volpe_ip3_dev.gtfsrt.ac_stop_time_updates,trip_pair,Inbound,Inbound,1.0,15.0,3.75
2026-08-25,31,R,R - Red,0,8,Watauga Medical Center,36.198394775390625,-81.65241241455078,191,155,2026-08-25 18:23:31 EDT,2026-08-25 18:24:57 EDT,2026-08-25 18:27:00 EDT,2026-08-25 18:28:00 EDT,18:00,180,180.0,1800.0,450.0,8,volpe_ip3_dev.gtfsrt.ac_stop_time_updates,trip_pair,Inbound,Inbound,3.0,30.0,7.5
2026-08-26,11,P,P - Purple,0,26,ASU Garwood Hall,36.21305465698242,-81.68165588378906,455,483,2026-08-26 12:56:40 EDT,2026-08-26 12:59:41 EDT,2026-08-26 12:56:00 EDT,2026-08-26 12:59:00 EDT,12:00,0,0.0,900.0,225.0,22,volpe_ip3_dev.gtfsrt.ac_stop_time_updates,trip_pair,Inbound,Inbound,0.0,15.0,3.75
2026-08-26,11,P,P - Purple,0,26,ASU Garwood Hall,36.21305465698242,-81.68165588378906,483,455,2026-08-26 12:59:13 EDT,2026-08-26 13:00:05 EDT,2026-08-26 13:00:00 EDT,2026-08-26 13:00:00 EDT,13:00,60,60.0,900.0,225.0,8,volpe_ip3_dev.gtfsrt.ac_stop_time_updates,trip_pair,Inbound,Inbound,1.0,15.0,3.75
2026-08-26,11,P,P - Purple,0,36,ASU Skywalk,36.21227264404297,-81.67963409423828,489,461,2026-08-26 16:17:50 EDT,2026-08-26 16:18:22 EDT,2026-08-26 16:18:00 EDT,2026-08-26 16:19:00 EDT,16:00,60,60.0,900.0,225.0,4,volpe_ip3_dev.gtfsrt.ac_stop_time_updates,trip_pair,Inbound,Inbound,1.0,15.0,3.75
2026-08-26,11,P,P - Purple,0,26,ASU Garwood Hall,36.21305465698242,-81.68165588378906,491,463,2026-08-26 16:57:15 EDT,2026-08-26 16:57:15 EDT,2026-08-26 16:57:00 EDT,2026-08-26 16:57:00 EDT,16:00,60,60.0,900.0,225.0,3,volpe_ip3_dev.gtfsrt.ac_stop_time_updates,trip_pair,Inbound,Inbound,1.0,15.0,3.75
2026-08-26,9,PK,PK - Pink,0,26,ASU Garwood Hall,36.21305465698242,-81.68165588378906,808,812,2026-08-26 17:50:25 EDT,2026-08-26 17:51:47 EDT,2026-08-26 17:50:00 EDT,2026-08-26 17:52:00 EDT,17:00,0,60.0,600.0,150.0,15,volpe_ip3_dev.gtfsrt.ac_stop_time_updates,route_stop_median,Inbound,Inbound,0.0,10.0,2.5
2026-08-26,9,PK,PK - Pink,0,26,ASU Garwood Hall,36.21305465698242,-81.68165588378906,812,808,2026-08-26 17:52:23 EDT,2026-08-26 17:52:23 EDT,2026-08-26 17:52:00 EDT,2026-08-26 17:52:00 EDT,17:00,60,60.0,600.0,150.0,4,volpe_ip3_dev.gtfsrt.ac_stop_time_updates,route_stop_median,Inbound,Inbound,1.0,10.0,2.5
2026-08-26,10,POP,POP - POP105,0,29,McDonalds,36.20663833618164,-81.67127227783203,2864,2908,2026-08-26 15:36:18 EDT,2026-08-26 15:36:18 EDT,2026-08-26 15:37:00 EDT,2026-08-26 15:37:00 EDT,15:00,120,120.0,900.0,225.0,2,volpe_ip3_dev.gtfsrt.ac_stop_time_updates,trip_pair,Inbound,Inbound,2.0,15.0,3.75
2026-08-26,10,POP,POP - POP105,0,58,Casa Rustica,36.20296859741211,-81.6761474609375,2864,2908,2026-08-26 15:39:53 EDT,2026-08-26 15:39:53 EDT,2026-08-26 15:40:00 EDT,2026-08-26 15:40:00 EDT,15:00,60,60.0,900.0,225.0,2,volpe_ip3_dev.gtfsrt.ac_stop_time_updates,trip_pair,Inbound,Inbound,1.0,15.0,3.75
2026-08-26,10,POP,POP - POP105,0,58,Casa Rustica,36.20296859741211,-81.6761474609375,2913,2870,2026-08-26 17:41:22 EDT,2026-08-26 17:41:22 EDT,2026-08-26 17:42:00 EDT,2026-08-26 17:42:00 EDT,17:00,60,60.0,900.0,225.0,4,volpe_ip3_dev.gtfsrt.ac_stop_time_updates,trip_pair,Inbound,Inbound,1.0,15.0,3.75
2026-08-26,31,R,R - Red,0,55,Kingswood,36.21635818481445,-81.67219543457031,153,188,2026-08-26 16:58:29 EDT,2026-08-26 16:58:29 EDT,2026-08-26 16:59:00 EDT,2026-08-26 16:59:00 EDT,16:00,0,0.0,900.0,225.0,4,volpe_ip3_dev.gtfsrt.ac_stop_time_updates,trip_pair,Inbound,Inbound,0.0,15.0,3.75
2026-08-26,31,R,R - Red,0,55,Kingswood,36.21635818481445,-81.67219543457031,188,153,2026-08-26 16:58:49 EDT,2026-08-26 16:59:17 EDT,2026-08-26 16:59:00 EDT,2026-08-26 17:00:00 EDT,16:00,60,90.0,900.0,225.0,8,volpe_ip3_dev.gtfsrt.ac_stop_time_updates,trip_pair,Inbound,Inbound,1.0,15.0,3.75
2026-08-26,31,R,R - Red,0,72,Dan'l Boone Inn,36.2163200378418,-81.67489624023438,154,189,2026-08-26 17:05:22 EDT,2026-08-26 17:08:00 EDT,2026-08-26 17:06:00 EDT,2026-08-26 17:08:00 EDT,17:00,0,0.0,900.0,225.0,9,volpe_ip3_dev.gtfsrt.ac_stop_time_updates,trip_pair,Inbound,Inbound,0.0,15.0,3.75
2026-08-26,31,R,R - Red,0,72,Dan'l Boone Inn,36.2163200378418,-81.67489624023438,189,154,2026-08-26 17:06:51 EDT,2026-08-26 17:08:21 EDT,2026-08-26 17:07:00 EDT,2026-08-26 17:09:00 EDT,17:00,60,60.0,900.0,225.0,10,volpe_ip3_dev.gtfsrt.ac_stop_time_updates,trip_pair,Inbound,Inbound,1.0,15.0,3.75
2026-08-26,31,R,R - Red,0,103,Vet Clinic on Wilson Dr,36.202049255371094,-81.67160034179688,189,154,2026-08-26 17:19:16 EDT,2026-08-26 17:21:52 EDT,2026-08-26 17:21:00 EDT,2026-08-26 17:23:00 EDT,17:00,60,60.0,900.0,225.0,23,volpe_ip3_dev.gtfsrt.ac_stop_time_updates,trip_pair,Inbound,Inbound,1.0,15.0,3.75
2026-08-26,31,R,R - Red,0,8,Watauga Medical Center,36.198394775390625,-81.65241241455078,189,154,2026-08-26 17:30:46 EDT,2026-08-26 17:30:46 EDT,2026-08-26 17:34:00 EDT,2026-08-26 17:34:00 EDT,17:00,180,180.0,900.0,225.0,4,volpe_ip3_dev.gtfsrt.ac_stop_time_updates,trip_pair,Inbound,Inbound,3.0,15.0,3.75
2026-08-26,31,R,R - Red,0,8,Watauga Medical Center,36.198394775390625,-81.65241241455078,190,155,2026-08-26 18:20:58 EDT,2026-08-26 18:20:58 EDT,2026-08-26 18:24:00 EDT,2026-08-26 18:24:00 EDT,18:00,180,180.0,900.0,225.0,4,volpe_ip3_dev.gtfsrt.ac_stop_time_updates,trip_pair,Inbound,Inbound,3.0,15.0,3.75
2026-08-26,31,R,R - Red,0,106,Boone Heights 1,36.20238494873047,-81.65646362304688,155,190,2026-08-26 18:27:48 EDT,2026-08-26 18:27:48 EDT,2026-08-26 18:28:00 EDT,2026-08-26 18:28:00 EDT,18:00,0,0.0,900.0,225.0,3,volpe_ip3_dev.gtfsrt.ac_stop_time_updates,trip_pair,Inbound,Inbound,0.0,15.0,3.75
2026-08-26,31,R,R - Red,0,10,Parks & Rec,36.202579498291016,-81.65420532226562,155,190,2026-08-26 18:26:26 EDT,2026-08-26 18:26:26 EDT,2026-08-26 18:30:00 EDT,2026-08-26 18:30:00 EDT,18:00,120,120.0,900.0,225.0,4,volpe_ip3_dev.gtfsrt.ac_stop_time_updates,trip_pair,Inbound,Inbound,2.0,15.0,3.75
2026-08-26,31,R,R - Red,0,108,Walmart 2,36.198158264160156,-81.65874481201172,155,190,2026-08-26 18:29:24 EDT,2026-08-26 18:31:24 EDT,2026-08-26 18:30:00 EDT,2026-08-26 18:32:00 EDT,18:00,0,0.0,900.0,225.0,18,volpe_ip3_dev.gtfsrt.ac_stop_time_updates,trip_pair,Inbound,Inbound,0.0,15.0,3.75
2026-08-26,31,R,R - Red,0,92,Greenway Rd Parking Lot,36.19805145263672,-81.66397857666016,155,190,2026-08-26 18:33:01 EDT,2026-08-26 18:33:01 EDT,2026-08-26 18:34:00 EDT,2026-08-26 18:34:00 EDT,18:00,120,120.0,900.0,225.0,3,volpe_ip3_dev.gtfsrt.ac_stop_time_updates,trip_pair,Inbound,Inbound,2.0,15.0,3.75
2026-08-26,31,R,R - Red,0,95,Wilson Dr,36.20274353027344,-81.67192840576172,155,190,2026-08-26 18:35:16 EDT,2026-08-26 18:35:16 EDT,2026-08-26 18:36:00 EDT,2026-08-26 18:36:00 EDT,18:00,60,60.0,900.0,225.0,2,volpe_ip3_dev.gtfsrt.ac_stop_time_updates,trip_pair,Inbound,Inbound,1.0,15.0,3.75
2026-08-26,31,R,R - Red,0,111,NC 105 Ext / Azalea Dr,36.20625305175781,-81.66854858398438,155,190,2026-08-26 18:37:01 EDT,2026-08-26 18:37:50 EDT,2026-08-26 18:38:00 EDT,2026-08-26 18:39:00 EDT,18:00,0,60.0,900.0,225.0,8,volpe_ip3_dev.gtfsrt.ac_stop_time_updates,trip_pair,Inbound,Inbound,0.0,15.0,3.75
2026-08-26,31,R,R - Red,0,109,Beverly Heights Ave,36.210838317871094,-81.66700744628906,155,190,2026-08-26 18:38:28 EDT,2026-08-26 18:38:28 EDT,2026-08-26 18:39:00 EDT,2026-08-26 18:39:00 EDT,18:00,60,60.0,900.0,225.0,4,volpe_ip3_dev.gtfsrt.ac_stop_time_updates,trip_pair,Inbound,Inbound,1.0,15.0,3.75
2026-08-26,31,R,R - Red,0,110,Quail Drive,36.21404266357422,-81.66873168945312,155,190,2026-08-26 18:39:21 EDT,2026-08-26 18:39:21 EDT,2026-08-26 18:40:00 EDT,2026-08-26 18:40:00 EDT,18:00,60,60.0,900.0,225.0,2,volpe_ip3_dev.gtfsrt.ac_stop_time_updates,trip_pair,Inbound,Inbound,1.0,15.0,3.75
2026-08-26,31,R,R - Red,0,55,Kingswood,36.21635818481445,-81.67219543457031,155,190,2026-08-26 18:40:28 EDT,2026-08-26 18:41:02 EDT,2026-08-26 18:41:00 EDT,2026-08-26 18:42:00 EDT,18:00,0,60.0,900.0,225.0,8,volpe_ip3_dev.gtfsrt.ac_stop_time_updates,trip_pair,Inbound,Inbound,0.0,15.0,3.75
2026-08-27,11,P,P - Purple,0,30,Boone Mall,36.203514099121094,-81.66619110107422,462,490,2026-08-27 16:28:23 EDT,2026-08-27 16:28:23 EDT,2026-08-27 16:28:30 EDT,2026-08-27 16:28:30 EDT,16:00,0,0.0,900.0,225.0,1,volpe_ip3_dev.gtfsrt.ac_stop_time_updates,trip_pair,Inbound,Inbound,0.0,15.0,3.75
2026-08-27,11,P,P - Purple,0,14,ASU Mountain Laurel Hall,36.206146240234375,-81.67009735107422,490,462,2026-08-27 16:45:28 EDT,2026-08-27 16:45:28 EDT,2026-08-27 16:46:00 EDT,2026-08-27 16:46:00 EDT,16:00,60,60.0,900.0,225.0,2,volpe_ip3_dev.gtfsrt.ac_stop_time_updates,trip_pair,Inbound,Inbound,1.0,15.0,3.75
2026-08-27,11,P,P - Purple,0,14,ASU Mountain Laurel Hall,36.206146240234375,-81.67009735107422,462,490,2026-08-27 16:47:55 EDT,2026-08-27 16:47:55 EDT,2026-08-27 16:47:00 EDT,2026-08-27 16:47:00 EDT,16:00,0,0.0,900.0,225.0,1,volpe_ip3_dev.gtfsrt.ac_stop_time_updates,trip_pair,Inbound,Inbound,0.0,15.0,3.75
2026-08-27,11,P,P - Purple,0,35,Kangaroo Express,36.208011627197266,-81.67230224609375,490,462,2026-08-27 16:48:27 EDT,2026-08-27 16:48:27 EDT,2026-08-27 16:49:00 EDT,2026-08-27 16:49:00 EDT,16:00,60,60.0,900.0,225.0,1,volpe_ip3_dev.gtfsrt.ac_stop_time_updates,trip_pair,Inbound,Inbound,1.0,15.0,3.75
2026-08-27,11,P,P - Purple,0,36,ASU Skywalk,36.21227264404297,-81.67963409423828,462,490,2026-08-27 16:49:59 EDT,2026-08-27 16:49:59 EDT,2026-08-27 16:50:00 EDT,2026-08-27 16:50:00 EDT,16:00,0,0.0,900.0,225.0,1,volpe_ip3_dev.gtfsrt.ac_stop_time_updates,trip_pair,Inbound,Inbound,0.0,15.0,3.75
2026-08-27,11,P,P - Purple,0,36,ASU Skywalk,36.21227264404297,-81.67963409423828,490,462,2026-08-27 16:49:06 EDT,2026-08-27 16:49:06 EDT,2026-08-27 16:51:00 EDT,2026-08-27 16:51:00 EDT,16:00,60,60.0,900.0,225.0,1,volpe_ip3_dev.gtfsrt.ac_stop_time_updates,trip_pair,Inbound,Inbound,1.0,15.0,3.75
2026-08-27,9,PK,PK - Pink,0,26,ASU Garwood Hall,36.21305465698242,-81.68165588378906,745,821,2026-08-27 13:20:19 EDT,2026-08-27 13:20:19 EDT,2026-08-27 13:21:00 EDT,2026-08-27 13:21:00 EDT,13:00,60,60.0,600.0,150.0,1,volpe_ip3_dev.gtfsrt.ac_stop_time_updates,trip_pair,Inbound,Inbound,1.0,10.0,2.5
2026-08-27,9,PK,PK - Pink,0,14,ASU Mountain Laurel Hall,36.206146240234375,-81.67009735107422,827,751,2026-08-27 16:40:59 EDT,2026-08-27 16:40:59 EDT,2026-08-27 16:41:00 EDT,2026-08-27 16:41:00 EDT,16:00,60,60.0,600.0,150.0,2,volpe_ip3_dev.gtfsrt.ac_stop_time_updates,trip_pair,Inbound,Inbound,1.0,10.0,2.5
2026-08-27,9,PK,PK - Pink,0,36,ASU Skywalk,36.21227264404297,-81.67963409423828,827,751,2026-08-27 16:43:58 EDT,2026-08-27 16:44:27 EDT,2026-08-27 16:45:00 EDT,2026-08-27 16:45:00 EDT,16:00,60,120.0,600.0,150.0,3,volpe_ip3_dev.gtfsrt.ac_stop_time_updates,trip_pair,Inbound,Inbound,1.0,10.0,2.5
2026-08-27,9,PK,PK - Pink,0,26,ASU Garwood Hall,36.21305465698242,-81.68165588378906,752,828,2026-08-27 16:49:54 EDT,2026-08-27 16:52:31 EDT,2026-08-27 16:51:00 EDT,2026-08-27 16:52:00 EDT,16:00,0,30.0,600.0,150.0,6,volpe_ip3_dev.gtfsrt.ac_stop_time_updates,trip_pair,Inbound,Inbound,0.0,10.0,2.5
2026-08-27,31,R,R - Red,0,72,Dan'l Boone Inn,36.2163200378418,-81.67489624023438,164,179,2026-08-27 09:20:40 EDT,2026-08-27 09:22:15 EDT,2026-08-27 09:21:00 EDT,2026-08-27 09:23:00 EDT,09:00,0,0.0,900.0,225.0,5,volpe_ip3_dev.gtfsrt.ac_stop_time_updates,trip_pair,Inbound,Inbound,0.0,15.0,3.75
2026-08-27,31,R,R - Red,0,72,Dan'l Boone Inn,36.2163200378418,-81.67489624023438,179,164,2026-08-27 09:23:52 EDT,2026-08-27 09:25:11 EDT,2026-08-27 09:24:00 EDT,2026-08-27 09:26:00 EDT,09:00,60,60.0,900.0,225.0,8,volpe_ip3_dev.gtfsrt.ac_stop_time_updates,trip_pair,Inbound,Inbound,1.0,15.0,3.75
2026-08-27,31,R,R - Red,0,72,Dan'l Boone Inn,36.2163200378418,-81.67489624023438,144,164,2026-08-27 09:36:48 EDT,2026-08-27 09:37:19 EDT,2026-08-27 09:36:00 EDT,2026-08-27 09:37:00 EDT,09:00,0,0.0,1800.0,450.0,3,volpe_ip3_dev.gtfsrt.ac_stop_time_updates,trip_pair,Inbound,Inbound,0.0,30.0,7.5
2026-08-27,31,R,R - Red,0,72,Dan'l Boone Inn,36.2163200378418,-81.67489624023438,164,144,2026-08-27 09:34:51 EDT,2026-08-27 09:35:21 EDT,2026-08-27 09:36:00 EDT,2026-08-27 09:36:00 EDT,09:00,60,120.0,1800.0,450.0,3,volpe_ip3_dev.gtfsrt.ac_stop_time_updates,trip_pair,Inbound,Inbound,1.0,30.0,7.5
2026-08-27,31,R,R - Red,0,72,Dan'l Boone Inn,36.2163200378418,-81.67489624023438,154,175,2026-08-27 17:22:57 EDT,2026-08-27 17:25:01 EDT,2026-08-27 17:23:00 EDT,2026-08-27 17:25:00 EDT,17:00,60,60.0,900.0,225.0,9,volpe_ip3_dev.gtfsrt.ac_stop_time_updates,trip_pair,Inbound,Inbound,1.0,15.0,3.75
2026-08-27,31,R,R - Red,0,72,Dan'l Boone Inn,36.2163200378418,-81.67489624023438,175,154,2026-08-27 17:25:28 EDT,2026-08-27 17:25:28 EDT,2026-08-27 17:26:00 EDT,2026-08-27 17:26:00 EDT,17:00,60,60.0,900.0,225.0,2,volpe_ip3_dev.gtfsrt.ac_stop_time_updates,trip_pair,Inbound,Inbound,1.0,15.0,3.75
2026-08-28,14,GY,GY - Gray,0,130,Ivy Terrace,36.20642852783203,-81.6623764038086,29,535,2026-08-28 18:33:00 EDT,2026-08-28 18:33:00 EDT,2026-08-28 18:34:00 EDT,2026-08-28 18:34:00 EDT,18:00,60,60.0,1800.0,450.0,2,volpe_ip3_dev.gtfsrt.ac_stop_time_updates,route_stop_median,Inbound,Inbound,1.0,30.0,7.5
2026-08-28,9,PK,PK - Pink,0,82,ASU University Hall,36.205265045166016,-81.66351318359375,820,821,2026-08-28 13:21:17 EDT,2026-08-28 13:21:17 EDT,2026-08-28 13:24:00 EDT,2026-08-28 13:24:00 EDT,13:00,0,0.0,1800.0,450.0,2,volpe_ip3_dev.gtfsrt.ac_stop_time_updates,trip_pair,Inbound,Inbound,0.0,30.0,7.5
2026-08-28,10,POP,POP - POP105,0,84,Hodges Gap Rd,36.20937728881836,-81.70649719238281,2848,2907,2026-08-28 14:35:19 EDT,2026-08-28 14:35:19 EDT,2026-08-28 14:36:00 EDT,2026-08-28 14:36:00 EDT,14:00,60,60.0,900.0,225.0,2,volpe_ip3_dev.gtfsrt.ac_stop_time_updates,trip_pair,Inbound,Inbound,1.0,15.0,3.75
2026-08-28,10,POP,POP - POP105,0,84,Hodges Gap Rd,36.20937728881836,-81.70649719238281,2867,2910,2026-08-28 16:05:27 EDT,2026-08-28 16:05:27 EDT,2026-08-28 16:06:00 EDT,2026-08-28 16:06:00 EDT,16:00,60,60.0,900.0,225.0,1,volpe_ip3_dev.gtfsrt.ac_stop_time_updates,trip_pair,Inbound,Inbound,1.0,15.0,3.75
2026-08-28,31,R,R - Red,0,111,NC 105 Ext / Azalea Dr,36.20625305175781,-81.66854858398438,187,152,2026-08-28 16:05:47 EDT,2026-08-28 16:07:26 EDT,2026-08-28 16:08:00 EDT,2026-08-28 16:09:00 EDT,16:00,60,60.0,900.0,225.0,8,volpe_ip3_dev.gtfsrt.ac_stop_time_updates,trip_pair,Inbound,Inbound,1.0,15.0,3.75
2026-08-28,31,R,R - Red,0,55,Kingswood,36.21635818481445,-81.67219543457031,187,152,2026-08-28 16:11:51 EDT,2026-08-28 16:11:51 EDT,2026-08-28 16:12:00 EDT,2026-08-28 16:12:00 EDT,16:00,60,60.0,900.0,225.0,2,volpe_ip3_dev.gtfsrt.ac_stop_time_updates,trip_pair,Inbound,Inbound,1.0,15.0,3.75
2026-08-28,31,R,R - Red,0,56,Earth Fare,36.21662902832031,-81.67589569091797,187,152,2026-08-28 16:14:40 EDT,2026-08-28 16:14:40 EDT,2026-08-28 16:15:00 EDT,2026-08-28 16:15:00 EDT,16:00,60,60.0,900.0,225.0,2,volpe_ip3_dev.gtfsrt.ac_stop_time_updates,trip_pair,Inbound,Inbound,1.0,15.0,3.75
2026-08-28,31,R,R - Red,0,72,Dan'l Boone Inn,36.2163200378418,-81.67489624023438,153,188,2026-08-28 16:20:21 EDT,2026-08-28 16:20:21 EDT,2026-08-28 16:21:00 EDT,2026-08-28 16:21:00 EDT,16:00,0,0.0,900.0,225.0,2,volpe_ip3_dev.gtfsrt.ac_stop_time_updates,trip_pair,Inbound,Inbound,0.0,15.0,3.75
2026-08-28,31,R,R - Red,0,72,Dan'l Boone Inn,36.2163200378418,-81.67489624023438,188,153,2026-08-28 16:19:52 EDT,2026-08-28 16:22:20 EDT,2026-08-28 16:21:00 EDT,2026-08-28 16:23:00 EDT,16:00,60,60.0,900.0,225.0,10,volpe_ip3_dev.gtfsrt.ac_stop_time_updates,trip_pair,Inbound,Inbound,1.0,15.0,3.75
2026-08-28,31,R,R - Red,0,102,ASU Mountain Laurel Hall / NC 105 Ext,36.206478118896484,-81.66874694824219,189,154,2026-08-28 17:20:31 EDT,2026-08-28 17:21:27 EDT,2026-08-28 17:22:00 EDT,2026-08-28 17:23:00 EDT,17:00,60,120.0,900.0,225.0,6,volpe_ip3_dev.gtfsrt.ac_stop_time_updates,trip_pair,Inbound,Inbound,1.0,15.0,3.75
2026-08-28,31,R,R - Red,0,103,Vet Clinic on Wilson Dr,36.202049255371094,-81.67160034179688,189,154,2026-08-28 17:28:00 EDT,2026-08-28 17:28:21 EDT,2026-08-28 17:30:00 EDT,2026-08-28 17:30:00 EDT,17:00,120,120.0,900.0,225.0,2,volpe_ip3_dev.gtfsrt.ac_stop_time_updates,trip_pair,Inbound,Inbound,2.0,15.0,3.75
2026-08-28,31,R,R - Red,0,55,Kingswood,36.21635818481445,-81.67219543457031,189,154,2026-08-28 17:57:16 EDT,2026-08-28 17:57:16 EDT,2026-08-28 17:58:00 EDT,2026-08-28 17:58:00 EDT,17:00,60,60.0,900.0,225.0,1,volpe_ip3_dev.gtfsrt.ac_stop_time_updates,trip_pair,Inbound,Inbound,1.0,15.0,3.75
2026-08-28,31,R,R - Red,0,103,Vet Clinic on Wilson Dr,36.202049255371094,-81.67160034179688,190,155,2026-08-28 18:12:58 EDT,2026-08-28 18:14:00 EDT,2026-08-28 18:14:00 EDT,2026-08-28 18:16:00 EDT,18:00,60,60.0,900.0,225.0,5,volpe_ip3_dev.gtfsrt.ac_stop_time_updates,trip_pair,Inbound,Inbound,1.0,15.0,3.75
2026-08-28,31,R,R - Red,0,8,Watauga Medical Center,36.198394775390625,-81.65241241455078,190,155,2026-08-28 18:20:25 EDT,2026-08-28 18:20:54 EDT,2026-08-28 18:22:00 EDT,2026-08-28 18:24:00 EDT,18:00,120,150.0,900.0,225.0,4,volpe_ip3_dev.gtfsrt.ac_stop_time_updates,trip_pair,Inbound,Inbound,2.0,15.0,3.75
2026-08-28,31,R,R - Red,0,10,Parks & Rec,36.202579498291016,-81.65420532226562,190,155,2026-08-28 18:23:28 EDT,2026-08-28 18:23:28 EDT,2026-08-28 18:27:00 EDT,2026-08-28 18:27:00 EDT,18:00,60,60.0,900.0,225.0,2,volpe_ip3_dev.gtfsrt.ac_stop_time_updates,trip_pair,Inbound,Inbound,1.0,15.0,3.75
2026-08-28,31,R,R - Red,0,108,Walmart 2,36.198158264160156,-81.65874481201172,190,155,2026-08-28 18:25:59 EDT,2026-08-28 18:27:56 EDT,2026-08-28 18:27:00 EDT,2026-08-28 18:29:00 EDT,18:00,60,60.0,900.0,225.0,10,volpe_ip3_dev.gtfsrt.ac_stop_time_updates,trip_pair,Inbound,Inbound,1.0,15.0,3.75
2026-08-28,31,R,R - Red,0,108,Walmart 2,36.198158264160156,-81.65874481201172,155,190,2026-08-28 18:28:21 EDT,2026-08-28 18:28:59 EDT,2026-08-28 18:28:00 EDT,2026-08-28 18:29:00 EDT,18:00,0,0.0,900.0,225.0,4,volpe_ip3_dev.gtfsrt.ac_stop_time_updates,trip_pair,Inbound,Inbound,0.0,15.0,3.75
2026-08-28,31,R,R - Red,0,92,Greenway Rd Parking Lot,36.19805145263672,-81.66397857666016,155,190,2026-08-28 18:29:49 EDT,2026-08-28 18:30:28 EDT,2026-08-28 18:30:00 EDT,2026-08-28 18:30:00 EDT,18:00,0,0.0,900.0,225.0,4,volpe_ip3_dev.gtfsrt.ac_stop_time_updates,trip_pair,Inbound,Inbound,0.0,15.0,3.75
2026-08-28,31,R,R - Red,0,93,Greenway Business Park,36.19855499267578,-81.6678237915039,190,155,2026-08-28 18:30:53 EDT,2026-08-28 18:30:53 EDT,2026-08-28 18:31:00 EDT,2026-08-28 18:31:00 EDT,18:00,60,60.0,900.0,225.0,2,volpe_ip3_dev.gtfsrt.ac_stop_time_updates,trip_pair,Inbound,Inbound,1.0,15.0,3.75
2026-08-28,31,R,R - Red,0,94,Greenway Commons,36.199867248535156,-81.67037200927734,190,155,2026-08-28 18:31:41 EDT,2026-08-28 18:31:41 EDT,2026-08-28 18:32:00 EDT,2026-08-28 18:32:00 EDT,18:00,60,60.0,900.0,225.0,2,volpe_ip3_dev.gtfsrt.ac_stop_time_updates,trip_pair,Inbound,Inbound,1.0,15.0,3.75
2026-08-28,31,R,R - Red,0,95,Wilson Dr,36.20274353027344,-81.67192840576172,190,155,2026-08-28 18:32:21 EDT,2026-08-28 18:32:21 EDT,2026-08-28 18:33:00 EDT,2026-08-28 18:33:00 EDT,18:00,60,60.0,900.0,225.0,2,volpe_ip3_dev.gtfsrt.ac_stop_time_updates,trip_pair,Inbound,Inbound,1.0,15.0,3.75
2026-08-28,31,R,R - Red,0,111,NC 105 Ext / Azalea Dr,36.20625305175781,-81.66854858398438,155,190,2026-08-28 18:34:22 EDT,2026-08-28 18:34:53 EDT,2026-08-28 18:35:00 EDT,2026-08-28 18:35:00 EDT,18:00,0,0.0,900.0,225.0,4,volpe_ip3_dev.gtfsrt.ac_stop_time_updates,trip_pair,Inbound,Inbound,0.0,15.0,3.75
2026-08-28,31,R,R - Red,0,111,NC 105 Ext / Azalea Dr,36.20625305175781,-81.66854858398438,190,155,2026-08-28 18:33:29 EDT,2026-08-28 18:33:47 EDT,2026-08-28 18:35:00 EDT,2026-08-28 18:36:00 EDT,18:00,60,60.0,900.0,225.0,4,volpe_ip3_dev.gtfsrt.ac_stop_time_updates,trip_pair,Inbound,Inbound,1.0,15.0,3.75
2026-08-28,31,R,R - Red,0,109,Beverly Heights Ave,36.210838317871094,-81.66700744628906,155,190,2026-08-28 18:35:48 EDT,2026-08-28 18:36:24 EDT,2026-08-28 18:36:00 EDT,2026-08-28 18:36:00 EDT,18:00,0,0.0,900.0,225.0,4,volpe_ip3_dev.gtfsrt.ac_stop_time_updates,trip_pair,Inbound,Inbound,0.0,15.0,3.75
2026-08-28,31,R,R - Red,0,55,Kingswood,36.21635818481445,-81.67219543457031,155,190,2026-08-28 18:37:31 EDT,2026-08-28 18:38:58 EDT,2026-08-28 18:38:00 EDT,2026-08-28 18:38:00 EDT,18:00,0,0.0,900.0,225.0,6,volpe_ip3_dev.gtfsrt.ac_stop_time_updates,trip_pair,Inbound,Inbound,0.0,15.0,3.75
2026-08-28,31,R,R - Red,0,55,Kingswood,36.21635818481445,-81.67219543457031,190,155,2026-08-28 18:38:22 EDT,2026-08-28 18:38:22 EDT,2026-08-28 18:39:00 EDT,2026-08-28 18:39:00 EDT,18:00,60,60.0,900.0,225.0,2,volpe_ip3_dev.gtfsrt.ac_stop_time_updates,trip_pair,Inbound,Inbound,1.0,15.0,3.75
2026-08-28,31,R,R - Red,0,56,Earth Fare,36.21662902832031,-81.67589569091797,155,190,2026-08-28 18:39:30 EDT,2026-08-28 18:40:26 EDT,2026-08-28 18:40:00 EDT,2026-08-28 18:40:00 EDT,18:00,0,0.0,900.0,225.0,6,volpe_ip3_dev.gtfsrt.ac_stop_time_updates,trip_pair,Inbound,Inbound,0.0,15.0,3.75
2026-08-31,11,P,P - Purple,0,14,ASU Mountain Laurel Hall,36.206146240234375,-81.67009735107422,460,489,2026-08-31 15:56:26 EDT,2026-08-31 15:57:05 EDT,2026-08-31 15:57:00 EDT,2026-08-31 15:58:00 EDT,15:00,60,90.0,900.0,225.0,2,volpe_ip3_dev.gtfsrt.ac_stop_time_updates,trip_pair,Inbound,Inbound,1.0,15.0,3.75
2026-08-31,11,P,P - Purple,0,26,ASU Garwood Hall,36.21305465698242,-81.68165588378906,461,490,2026-08-31 16:04:01 EDT,2026-08-31 16:06:01 EDT,2026-08-31 16:06:00 EDT,2026-08-31 16:07:00 EDT,16:00,0,60.0,900.0,225.0,6,volpe_ip3_dev.gtfsrt.ac_stop_time_updates,trip_pair,Inbound,Inbound,0.0,15.0,3.75
2026-08-31,11,P,P - Purple,0,26,ASU Garwood Hall,36.21305465698242,-81.68165588378906,490,461,2026-08-31 16:06:32 EDT,2026-08-31 16:07:01 EDT,2026-08-31 16:07:00 EDT,2026-08-31 16:08:00 EDT,16:00,60,90.0,900.0,225.0,2,volpe_ip3_dev.gtfsrt.ac_stop_time_updates,trip_pair,Inbound,Inbound,1.0,15.0,3.75
2026-08-31,31,R,R - Red,0,111,NC 105 Ext / Azalea Dr,36.20625305175781,-81.66854858398438,190,155,2026-08-31 18:21:00 EDT,2026-08-31 18:23:34 EDT,2026-08-31 18:23:00 EDT,2026-08-31 18:25:00 EDT,18:00,60,60.0,900.0,225.0,7,volpe_ip3_dev.gtfsrt.ac_stop_time_updates,trip_pair,Inbound,Inbound,1.0,15.0,3.75
2026-09-01,11,P,P - Purple,0,36,ASU Skywalk,36.21227264404297,-81.67963409423828,486,458,2026-09-01 14:37:32 EDT,2026-09-01 14:37:32 EDT,2026-09-01 14:39:00 EDT,2026-09-01 14:39:00 EDT,14:00,120,120.0,900.0,225.0,1,volpe_ip3_dev.gtfsrt.ac_stop_time_updates,trip_pair,Inbound,Inbound,2.0,15.0,3.75
2026-09-01,11,P,P - Purple,0,95,Wilson Dr,36.20274353027344,-81.67192840576172,493,464,2026-09-01 17:48:39 EDT,2026-09-01 17:48:39 EDT,2026-09-01 17:49:00 EDT,2026-09-01 17:49:00 EDT,17:00,60,60.0,900.0,225.0,1,volpe_ip3_dev.gtfsrt.ac_stop_time_updates,trip_pair,Inbound,Inbound,1.0,15.0,3.75
2026-09-01,11,P,P - Purple,0,14,ASU Mountain Laurel Hall,36.206146240234375,-81.67009735107422,464,493,2026-09-01 17:50:07 EDT,2026-09-01 17:52:46 EDT,2026-09-01 17:51:00 EDT,2026-09-01 17:52:00 EDT,17:00,0,0.0,900.0,225.0,3,volpe_ip3_dev.gtfsrt.ac_stop_time_updates,trip_pair,Inbound,Inbound,0.0,15.0,3.75
2026-09-01,11,P,P - Purple,0,14,ASU Mountain Laurel Hall,36.206146240234375,-81.67009735107422,493,464,2026-09-01 17:50:46 EDT,2026-09-01 17:51:37 EDT,2026-09-01 17:51:00 EDT,2026-09-01 17:52:00 EDT,17:00,60,60.0,900.0,225.0,3,volpe_ip3_dev.gtfsrt.ac_stop_time_updates,trip_pair,Inbound,Inbound,1.0,15.0,3.75
2026-09-01,11,P,P - Purple,0,35,Kangaroo Express,36.208011627197266,-81.67230224609375,493,464,2026-09-01 17:53:44 EDT,2026-09-01 17:53:44 EDT,2026-09-01 17:54:00 EDT,2026-09-01 17:54:00 EDT,17:00,60,60.0,900.0,225.0,1,volpe_ip3_dev.gtfsrt.ac_stop_time_updates,trip_pair,Inbound,Inbound,1.0,15.0,3.75
2026-09-01,11,P,P - Purple,0,36,ASU Skywalk,36.21227264404297,-81.67963409423828,464,493,2026-09-01 17:54:16 EDT,2026-09-01 17:56:49 EDT,2026-09-01 17:55:00 EDT,2026-09-01 17:57:00 EDT,17:00,0,0.0,900.0,225.0,6,volpe_ip3_dev.gtfsrt.ac_stop_time_updates,trip_pair,Inbound,Inbound,0.0,15.0,3.75
2026-09-01,9,PK,PK - Pink,0,6,The Finmore,36.20286178588867,-81.66133117675781,737,813,2026-09-01 09:38:02 EDT,2026-09-01 09:38:02 EDT,2026-09-01 09:39:00 EDT,2026-09-01 09:39:00 EDT,09:00,120,120.0,600.0,150.0,1,volpe_ip3_dev.gtfsrt.ac_stop_time_updates,trip_pair,Inbound,Inbound,2.0,10.0,2.5
2026-09-01,9,PK,PK - Pink,0,82,ASU University Hall,36.205265045166016,-81.66351318359375,737,813,2026-09-01 09:39:23 EDT,2026-09-01 09:39:58 EDT,2026-09-01 09:42:00 EDT,2026-09-01 09:44:00 EDT,09:00,0,60.0,600.0,150.0,2,volpe_ip3_dev.gtfsrt.ac_stop_time_updates,trip_pair,Inbound,Inbound,0.0,10.0,2.5
2026-09-01,9,PK,PK - Pink,0,14,ASU Mountain Laurel Hall,36.206146240234375,-81.67009735107422,813,737,2026-09-01 09:41:28 EDT,2026-09-01 09:41:28 EDT,2026-09-01 09:43:00 EDT,2026-09-01 09:43:00 EDT,09:00,120,120.0,600.0,150.0,1,volpe_ip3_dev.gtfsrt.ac_stop_time_updates,trip_pair,Inbound,Inbound,2.0,10.0,2.5
2026-09-01,9,PK,PK - Pink,0,26,ASU Garwood Hall,36.21305465698242,-81.68165588378906,738,814,2026-09-01 09:50:24 EDT,2026-09-01 09:51:53 EDT,2026-09-01 09:51:00 EDT,2026-09-01 09:52:00 EDT,09:00,0,0.0,600.0,150.0,4,volpe_ip3_dev.gtfsrt.ac_stop_time_updates,trip_pair,Inbound,Inbound,0.0,10.0,2.5
2026-09-01,9,PK,PK - Pink,0,26,ASU Garwood Hall,36.21305465698242,-81.68165588378906,814,738,2026-09-01 09:52:22 EDT,2026-09-01 09:52:22 EDT,2026-09-01 09:53:00 EDT,2026-09-01 09:53:00 EDT,09:00,60,60.0,600.0,150.0,2,volpe_ip3_dev.gtfsrt.ac_stop_time_updates,trip_pair,Inbound,Inbound,1.0,10.0,2.5
2026-09-01,9,PK,PK - Pink,0,26,ASU Garwood Hall,36.21305465698242,-81.68165588378906,747,822,2026-09-01 14:10:35 EDT,2026-09-01 14:13:05 EDT,2026-09-01 14:11:00 EDT,2026-09-01 14:14:00 EDT,14:00,60,60.0,1200.0,300.0,6,volpe_ip3_dev.gtfsrt.ac_stop_time_updates,trip_pair,Inbound,Inbound,1.0,20.0,5.0
2026-09-01,9,PK,PK - Pink,0,14,ASU Mountain Laurel Hall,36.206146240234375,-81.67009735107422,750,826,2026-09-01 16:13:09 EDT,2026-09-01 16:14:06 EDT,2026-09-01 16:13:00 EDT,2026-09-01 16:13:00 EDT,16:00,0,0.0,600.0,150.0,3,volpe_ip3_dev.gtfsrt.ac_stop_time_updates,trip_pair,Inbound,Inbound,0.0,10.0,2.5
2026-09-01,9,PK,PK - Pink,0,35,Kangaroo Express,36.208011627197266,-81.67230224609375,750,826,2026-09-01 16:14:36 EDT,2026-09-01 16:14:36 EDT,2026-09-01 16:14:00 EDT,2026-09-01 16:14:00 EDT,16:00,0,0.0,600.0,150.0,2,volpe_ip3_dev.gtfsrt.ac_stop_time_updates,trip_pair,Inbound,Inbound,0.0,10.0,2.5
2026-09-01,9,PK,PK - Pink,0,36,ASU Skywalk,36.21227264404297,-81.67963409423828,750,826,2026-09-01 16:15:05 EDT,2026-09-01 16:16:41 EDT,2026-09-01 16:16:00 EDT,2026-09-01 16:17:00 EDT,16:00,0,0.0,600.0,150.0,4,volpe_ip3_dev.gtfsrt.ac_stop_time_updates,trip_pair,Inbound,Inbound,0.0,10.0,2.5
2026-09-01,9,PK,PK - Pink,0,26,ASU Garwood Hall,36.21305465698242,-81.68165588378906,751,827,2026-09-01 16:19:02 EDT,2026-09-01 16:22:15 EDT,2026-09-01 16:21:00 EDT,2026-09-01 16:23:00 EDT,16:00,0,0.0,600.0,150.0,7,volpe_ip3_dev.gtfsrt.ac_stop_time_updates,trip_pair,Inbound,Inbound,0.0,10.0,2.5
2026-09-01,9,PK,PK - Pink,0,26,ASU Garwood Hall,36.21305465698242,-81.68165588378906,827,751,2026-09-01 16:22:33 EDT,2026-09-01 16:22:33 EDT,2026-09-01 16:23:00 EDT,2026-09-01 16:23:00 EDT,16:00,60,60.0,600.0,150.0,1,volpe_ip3_dev.gtfsrt.ac_stop_time_updates,trip_pair,Inbound,Inbound,1.0,10.0,2.5
2026-09-01,31,R,R - Red,0,111,NC 105 Ext / Azalea Dr,36.20625305175781,-81.66854858398438,151,172,2026-09-01 15:42:06 EDT,2026-09-01 15:42:06 EDT,2026-09-01 15:45:00 EDT,2026-09-01 15:45:00 EDT,15:00,120,120.0,900.0,225.0,1,volpe_ip3_dev.gtfsrt.ac_stop_time_updates,trip_pair,Inbound,Inbound,2.0,15.0,3.75
2026-09-01,31,R,R - Red,0,72,Dan'l Boone Inn,36.2163200378418,-81.67489624023438,152,173,2026-09-01 15:55:03 EDT,2026-09-01 15:56:06 EDT,2026-09-01 15:56:00 EDT,2026-09-01 15:57:00 EDT,15:00,0,60.0,900.0,225.0,3,volpe_ip3_dev.gtfsrt.ac_stop_time_updates,trip_pair,Inbound,Inbound,0.0,15.0,3.75
2026-09-01,31,R,R - Red,0,73,King St / Hillside Dr,36.216163635253906,-81.67047119140625,152,173,2026-09-01 15:58:39 EDT,2026-09-01 15:58:39 EDT,2026-09-01 15:59:00 EDT,2026-09-01 15:59:00 EDT,15:00,60,60.0,900.0,225.0,1,volpe_ip3_dev.gtfsrt.ac_stop_time_updates,trip_pair,Inbound,Inbound,1.0,15.0,3.75
2026-09-01,31,R,R - Red,0,102,ASU Mountain Laurel Hall / NC 105 Ext,36.206478118896484,-81.66874694824219,173,152,2026-09-01 15:59:08 EDT,2026-09-01 16:01:09 EDT,2026-09-01 16:02:00 EDT,2026-09-01 16:03:00 EDT,16:00,60,60.0,900.0,225.0,5,volpe_ip3_dev.gtfsrt.ac_stop_time_updates,trip_pair,Inbound,Inbound,1.0,15.0,3.75
2026-09-01,31,R,R - Red,0,103,Vet Clinic on Wilson Dr,36.202049255371094,-81.67160034179688,173,152,2026-09-01 16:02:35 EDT,2026-09-01 16:03:43 EDT,2026-09-01 16:04:00 EDT,2026-09-01 16:05:00 EDT,16:00,60,60.0,900.0,225.0,3,volpe_ip3_dev.gtfsrt.ac_stop_time_updates,trip_pair,Inbound,Inbound,1.0,15.0,3.75
2026-09-01,31,R,R - Red,0,8,Watauga Medical Center,36.198394775390625,-81.65241241455078,173,152,2026-09-01 16:10:40 EDT,2026-09-01 16:11:09 EDT,2026-09-01 16:14:00 EDT,2026-09-01 16:15:00 EDT,16:00,180,180.0,900.0,225.0,2,volpe_ip3_dev.gtfsrt.ac_stop_time_updates,trip_pair,Inbound,Inbound,3.0,15.0,3.75
2026-09-01,31,R,R - Red,0,111,NC 105 Ext / Azalea Dr,36.20625305175781,-81.66854858398438,155,190,2026-09-01 18:16:12 EDT,2026-09-01 18:20:38 EDT,2026-09-01 18:18:00 EDT,2026-09-01 18:21:00 EDT,18:00,0,60.0,900.0,225.0,11,volpe_ip3_dev.gtfsrt.ac_stop_time_updates,trip_pair,Inbound,Inbound,0.0,15.0,3.75
2026-09-01,31,R,R - Red,0,109,Beverly Heights Ave,36.210838317871094,-81.66700744628906,155,190,2026-09-01 18:21:48 EDT,2026-09-01 18:22:08 EDT,2026-09-01 18:21:00 EDT,2026-09-01 18:21:00 EDT,18:00,0,0.0,900.0,225.0,2,volpe_ip3_dev.gtfsrt.ac_stop_time_updates,trip_pair,Inbound,Inbound,0.0,15.0,3.75
2026-09-01,31,R,R - Red,0,110,Quail Drive,36.21404266357422,-81.66873168945312,155,190,2026-09-01 18:22:38 EDT,2026-09-01 18:22:38 EDT,2026-09-01 18:22:00 EDT,2026-09-01 18:22:00 EDT,18:00,0,0.0,900.0,225.0,1,volpe_ip3_dev.gtfsrt.ac_stop_time_updates,trip_pair,Inbound,Inbound,0.0,15.0,3.75
2026-09-01,31,R,R - Red,0,55,Kingswood,36.21635818481445,-81.67219543457031,155,190,2026-09-01 18:23:15 EDT,2026-09-01 18:23:45 EDT,2026-09-01 18:24:00 EDT,2026-09-01 18:24:00 EDT,18:00,60,60.0,900.0,225.0,2,volpe_ip3_dev.gtfsrt.ac_stop_time_updates,trip_pair,Inbound,Inbound,1.0,15.0,3.75
2026-09-02,11,P,P - Purple,0,92,Greenway Rd Parking Lot,36.19805145263672,-81.66397857666016,465,493,2026-09-02 18:18:44 EDT,2026-09-02 18:18:44 EDT,2026-09-02 18:18:00 EDT,2026-09-02 18:18:00 EDT,18:00,0,0.0,900.0,225.0,1,volpe_ip3_dev.gtfsrt.ac_stop_time_updates,trip_pair,Inbound,Inbound,0.0,15.0,3.75
2026-09-02,9,PK,PK - Pink,0,10,Parks & Rec,36.202579498291016,-81.65420532226562,736,812,2026-09-02 08:59:23 EDT,2026-09-02 08:59:53 EDT,2026-09-02 09:01:00 EDT,2026-09-02 09:01:00 EDT,09:00,60,90.0,600.0,150.0,2,volpe_ip3_dev.gtfsrt.ac_stop_time_updates,trip_pair,Inbound,Inbound,1.0,10.0,2.5
2026-09-02,9,PK,PK - Pink,0,14,ASU Mountain Laurel Hall,36.206146240234375,-81.67009735107422,739,815,2026-09-02 10:39:22 EDT,2026-09-02 10:39:22 EDT,2026-09-02 10:40:00 EDT,2026-09-02 10:40:00 EDT,10:00,60,60.0,600.0,150.0,1,volpe_ip3_dev.gtfsrt.ac_stop_time_updates,trip_pair,Inbound,Inbound,1.0,10.0,2.5
2026-09-02,9,PK,PK - Pink,0,14,ASU Mountain Laurel Hall,36.206146240234375,-81.67009735107422,743,819,2026-09-02 12:37:02 EDT,2026-09-02 12:38:02 EDT,2026-09-02 12:38:00 EDT,2026-09-02 12:39:00 EDT,12:00,60,60.0,600.0,150.0,3,volpe_ip3_dev.gtfsrt.ac_stop_time_updates,trip_pair,Inbound,Inbound,1.0,10.0,2.5
2026-09-02,9,PK,PK - Pink,0,14,ASU Mountain Laurel Hall,36.206146240234375,-81.67009735107422,752,828,2026-09-02 17:07:35 EDT,2026-09-02 17:08:45 EDT,2026-09-02 17:09:00 EDT,2026-09-02 17:10:00 EDT,17:00,60,60.0,600.0,150.0,3,volpe_ip3_dev.gtfsrt.ac_stop_time_updates,trip_pair,Inbound,Inbound,1.0,10.0,2.5
2026-09-02,9,PK,PK - Pink,0,14,ASU Mountain Laurel Hall,36.206146240234375,-81.67009735107422,753,829,2026-09-02 17:41:16 EDT,2026-09-02 17:42:48 EDT,2026-09-02 17:42:00 EDT,2026-09-02 17:42:00 EDT,17:00,0,0.0,600.0,150.0,4,volpe_ip3_dev.gtfsrt.ac_stop_time_updates,trip_pair,Inbound,Inbound,0.0,10.0,2.5
2026-09-02,9,PK,PK - Pink,0,35,Kangaroo Express,36.208011627197266,-81.67230224609375,753,829,2026-09-02 17:43:08 EDT,2026-09-02 17:43:38 EDT,2026-09-02 17:43:00 EDT,2026-09-02 17:44:00 EDT,17:00,0,0.0,600.0,150.0,3,volpe_ip3_dev.gtfsrt.ac_stop_time_updates,trip_pair,Inbound,Inbound,0.0,10.0,2.5
2026-09-02,9,PK,PK - Pink,0,36,ASU Skywalk,36.21227264404297,-81.67963409423828,753,829,2026-09-02 17:44:08 EDT,2026-09-02 17:46:10 EDT,2026-09-02 17:45:00 EDT,2026-09-02 17:46:00 EDT,17:00,0,0.0,600.0,150.0,5,volpe_ip3_dev.gtfsrt.ac_stop_time_updates,trip_pair,Inbound,Inbound,0.0,10.0,2.5
2026-09-02,9,PK,PK - Pink,0,26,ASU Garwood Hall,36.21305465698242,-81.68165588378906,3391,808,2026-09-02 17:50:50 EDT,2026-09-02 17:50:50 EDT,2026-09-02 17:51:00 EDT,2026-09-02 17:51:00 EDT,17:00,0,0.0,600.0,150.0,1,volpe_ip3_dev.gtfsrt.ac_stop_time_updates,trip_pair,Inbound,Inbound,0.0,10.0,2.5
2026-09-02,9,PK,PK - Pink,0,26,ASU Garwood Hall,36.21305465698242,-81.68165588378906,808,3391,2026-09-02 17:51:14 EDT,2026-09-02 17:51:14 EDT,2026-09-02 17:52:00 EDT,2026-09-02 17:52:00 EDT,17:00,60,60.0,600.0,150.0,1,volpe_ip3_dev.gtfsrt.ac_stop_time_updates,trip_pair,Inbound,Inbound,1.0,10.0,2.5
2026-09-02,9,PK,PK - Pink,0,27,ASU Convocation Center,36.2109375,-81.67520141601562,808,3391,2026-09-02 17:52:43 EDT,2026-09-02 17:52:43 EDT,2026-09-02 17:53:00 EDT,2026-09-02 17:53:00 EDT,17:00,60,60.0,600.0,150.0,1,volpe_ip3_dev.gtfsrt.ac_stop_time_updates,trip_pair,Inbound,Inbound,1.0,10.0,2.5
2026-09-02,9,PK,PK - Pink,0,28,Highland Avenue,36.2090950012207,-81.67361450195312,808,3391,2026-09-02 17:54:15 EDT,2026-09-02 17:54:15 EDT,2026-09-02 17:55:00 EDT,2026-09-02 17:55:00 EDT,17:00,60,60.0,600.0,150.0,2,volpe_ip3_dev.gtfsrt.ac_stop_time_updates,trip_pair,Inbound,Inbound,1.0,10.0,2.5
2026-09-02,9,PK,PK - Pink,0,29,McDonalds,36.20663833618164,-81.67127227783203,3391,808,2026-09-02 17:55:15 EDT,2026-09-02 17:55:15 EDT,2026-09-02 17:55:00 EDT,2026-09-02 17:55:00 EDT,17:00,0,0.0,600.0,150.0,1,volpe_ip3_dev.gtfsrt.ac_stop_time_updates,trip_pair,Inbound,Inbound,0.0,10.0,2.5
2026-09-02,9,PK,PK - Pink,0,30,Boone Mall,36.203514099121094,-81.66619110107422,3391,808,2026-09-02 17:56:15 EDT,2026-09-02 17:57:07 EDT,2026-09-02 17:58:00 EDT,2026-09-02 17:59:00 EDT,17:00,0,0.0,600.0,150.0,3,volpe_ip3_dev.gtfsrt.ac_stop_time_updates,trip_pair,Inbound,Inbound,0.0,10.0,2.5
2026-09-02,9,PK,PK - Pink,0,30,Boone Mall,36.203514099121094,-81.66619110107422,808,3391,2026-09-02 17:57:40 EDT,2026-09-02 17:57:40 EDT,2026-09-02 17:58:00 EDT,2026-09-02 17:58:00 EDT,17:00,60,60.0,600.0,150.0,1,volpe_ip3_dev.gtfsrt.ac_stop_time_updates,trip_pair,Inbound,Inbound,1.0,10.0,2.5
2026-09-02,9,PK,PK - Pink,0,7,Postal St / Blowing Rock Rd,36.200992584228516,-81.66154479980469,808,3391,2026-09-02 17:58:19 EDT,2026-09-02 17:58:38 EDT,2026-09-02 17:59:00 EDT,2026-09-02 17:59:00 EDT,17:00,60,60.0,600.0,150.0,2,volpe_ip3_dev.gtfsrt.ac_stop_time_updates,trip_pair,Inbound,Inbound,1.0,10.0,2.5
2026-09-02,10,POP,POP - POP105,0,84,Hodges Gap Rd,36.20937728881836,-81.70649719238281,2893,2863,2026-09-02 07:20:51 EDT,2026-09-02 07:20:51 EDT,2026-09-02 07:21:00 EDT,2026-09-02 07:21:00 EDT,07:00,60,60.0,900.0,225.0,1,volpe_ip3_dev.gtfsrt.ac_stop_time_updates,trip_pair,Inbound,Inbound,1.0,15.0,3.75
2026-09-02,31,R,R - Red,0,8,Watauga Medical Center,36.198394775390625,-81.65241241455078,174,189,2026-09-02 17:21:44 EDT,2026-09-02 17:29:48 EDT,2026-09-02 17:25:00 EDT,2026-09-02 17:32:00 EDT,17:00,0,0.0,900.0,225.0,18,volpe_ip3_dev.gtfsrt.ac_stop_time_updates,trip_pair,Inbound,Inbound,0.0,15.0,3.75
2026-09-02,31,R,R - Red,0,9,ASU College of Health Sciences,36.20124053955078,-81.65235900878906,174,189,2026-09-02 17:31:18 EDT,2026-09-02 17:31:41 EDT,2026-09-02 17:32:00 EDT,2026-09-02 17:32:00 EDT,17:00,0,30.0,900.0,225.0,2,volpe_ip3_dev.gtfsrt.ac_stop_time_updates,trip_pair,Inbound,Inbound,0.0,15.0,3.75
2026-09-02,31,R,R - Red,0,106,Boone Heights 1,36.20238494873047,-81.65646362304688,174,189,2026-09-02 17:34:07 EDT,2026-09-02 17:34:07 EDT,2026-09-02 17:34:00 EDT,2026-09-02 17:34:00 EDT,17:00,0,0.0,900.0,225.0,1,volpe_ip3_dev.gtfsrt.ac_stop_time_updates,trip_pair,Inbound,Inbound,0.0,15.0,3.75
2026-09-02,29,T,T - Teal,0,14,ASU Mountain Laurel Hall,36.206146240234375,-81.67009735107422,305,727,2026-09-02 18:21:16 EDT,2026-09-02 18:23:42 EDT,2026-09-02 18:22:00 EDT,2026-09-02 18:24:00 EDT,18:00,60,60.0,1200.0,300.0,6,volpe_ip3_dev.gtfsrt.ac_stop_time_updates,trip_pair,Inbound,Inbound,1.0,20.0,5.0
2026-09-02,29,T,T - Teal,0,14,ASU Mountain Laurel Hall,36.206146240234375,-81.67009735107422,727,305,2026-09-02 18:24:09 EDT,2026-09-02 18:24:09 EDT,2026-09-02 18:24:00 EDT,2026-09-02 18:24:00 EDT,18:00,60,60.0,1200.0,300.0,1,volpe_ip3_dev.gtfsrt.ac_stop_time_updates,trip_pair,Inbound,Inbound,1.0,20.0,5.0
2026-09-03,11,P,P - Purple,0,36,ASU Skywalk,36.21227264404297,-81.67963409423828,486,458,2026-09-03 14:43:09 EDT,2026-09-03 14:43:09 EDT,2026-09-03 14:45:00 EDT,2026-09-03 14:45:00 EDT,14:00,180,180.0,900.0,225.0,1,volpe_ip3_dev.gtfsrt.ac_stop_time_updates,trip_pair,Inbound,Inbound,3.0,15.0,3.75
2026-09-03,11,P,P - Purple,0,90,Meadowview Dr / Madison Ave,36.19483184814453,-81.65555572509766,459,487,2026-09-03 15:00:27 EDT,2026-09-03 15:03:07 EDT,2026-09-03 15:03:00 EDT,2026-09-03 15:06:00 EDT,15:00,0,0.0,900.0,225.0,6,volpe_ip3_dev.gtfsrt.ac_stop_time_updates,trip_pair,Inbound,Inbound,0.0,15.0,3.75
2026-09-03,11,P,P - Purple,0,95,Wilson Dr,36.20274353027344,-81.67192840576172,465,493,2026-09-03 18:12:41 EDT,2026-09-03 18:12:41 EDT,2026-09-03 18:12:00 EDT,2026-09-03 18:12:00 EDT,18:00,0,0.0,900.0,225.0,1,volpe_ip3_dev.gtfsrt.ac_stop_time_updates,trip_pair,Inbound,Inbound,0.0,15.0,3.75
2026-09-03,11,P,P - Purple,0,95,Wilson Dr,36.20274353027344,-81.67192840576172,493,465,2026-09-03 18:11:39 EDT,2026-09-03 18:12:13 EDT,2026-09-03 18:12:00 EDT,2026-09-03 18:13:00 EDT,18:00,60,60.0,900.0,225.0,2,volpe_ip3_dev.gtfsrt.ac_stop_time_updates,trip_pair,Inbound,Inbound,1.0,15.0,3.75
2026-09-03,9,PK,PK - Pink,0,30,Boone Mall,36.203514099121094,-81.66619110107422,740,816,2026-09-03 11:03:03 EDT,2026-09-03 11:03:57 EDT,2026-09-03 11:05:00 EDT,2026-09-03 11:05:00 EDT,11:00,0,60.0,600.0,150.0,3,volpe_ip3_dev.gtfsrt.ac_stop_time_updates,trip_pair,Inbound,Inbound,0.0,10.0,2.5
2026-09-03,9,PK,PK - Pink,0,8,Watauga Medical Center,36.198394775390625,-81.65241241455078,740,816,2026-09-03 11:07:29 EDT,2026-09-03 11:07:29 EDT,2026-09-03 11:10:00 EDT,2026-09-03 11:10:00 EDT,11:00,120,120.0,600.0,150.0,1,volpe_ip3_dev.gtfsrt.ac_stop_time_updates,trip_pair,Inbound,Inbound,2.0,10.0,2.5
2026-09-03,9,PK,PK - Pink,0,14,ASU Mountain Laurel Hall,36.206146240234375,-81.67009735107422,740,816,2026-09-03 11:18:22 EDT,2026-09-03 11:20:22 EDT,2026-09-03 11:20:00 EDT,2026-09-03 11:21:00 EDT,11:00,0,60.0,600.0,150.0,6,volpe_ip3_dev.gtfsrt.ac_stop_time_updates,trip_pair,Inbound,Inbound,0.0,10.0,2.5
2026-09-03,9,PK,PK - Pink,0,36,ASU Skywalk,36.21227264404297,-81.67963409423828,740,816,2026-09-03 11:23:50 EDT,2026-09-03 11:23:50 EDT,2026-09-03 11:25:00 EDT,2026-09-03 11:25:00 EDT,11:00,120,120.0,600.0,150.0,1,volpe_ip3_dev.gtfsrt.ac_stop_time_updates,trip_pair,Inbound,Inbound,2.0,10.0,2.5
2026-09-03,9,PK,PK - Pink,0,14,ASU Mountain Laurel Hall,36.206146240234375,-81.67009735107422,752,828,2026-09-03 17:24:08 EDT,2026-09-03 17:25:08 EDT,2026-09-03 17:26:00 EDT,2026-09-03 17:26:00 EDT,17:00,60,120.0,600.0,150.0,3,volpe_ip3_dev.gtfsrt.ac_stop_time_updates,trip_pair,Inbound,Inbound,1.0,10.0,2.5
2026-09-03,9,PK,PK - Pink,0,36,ASU Skywalk,36.21227264404297,-81.67963409423828,752,828,2026-09-03 17:28:39 EDT,2026-09-03 17:29:41 EDT,2026-09-03 17:29:00 EDT,2026-09-03 17:30:00 EDT,17:00,0,0.0,600.0,150.0,3,volpe_ip3_dev.gtfsrt.ac_stop_time_updates,trip_pair,Inbound,Inbound,0.0,10.0,2.5
2026-09-03,10,POP,POP - POP105,0,85,Westhaven,36.213958740234375,-81.71068572998047,2870,2913,2026-09-03 17:39:44 EDT,2026-09-03 17:39:44 EDT,2026-09-03 17:40:00 EDT,2026-09-03 17:40:00 EDT,17:00,60,60.0,900.0,225.0,1,volpe_ip3_dev.gtfsrt.ac_stop_time_updates,trip_pair,Inbound,Inbound,1.0,15.0,3.75
2026-09-03,10,POP,POP - POP105,0,97,George Wilson Rd  / Vet Hospital 1,36.227176666259766,-81.71488952636719,2870,2913,2026-09-03 17:43:40 EDT,2026-09-03 17:43:40 EDT,2026-09-03 17:44:00 EDT,2026-09-03 17:44:00 EDT,17:00,60,60.0,900.0,225.0,1,volpe_ip3_dev.gtfsrt.ac_stop_time_updates,trip_pair,Inbound,Inbound,1.0,15.0,3.75
2026-09-03,10,POP,POP - POP105,0,100,Human Services Center,36.22087860107422,-81.69172668457031,2870,2913,2026-09-03 17:46:40 EDT,2026-09-03 17:46:40 EDT,2026-09-03 17:46:00 EDT,2026-09-03 17:46:00 EDT,17:00,0,0.0,900.0,225.0,1,volpe_ip3_dev.gtfsrt.ac_stop_time_updates,trip_pair,Inbound,Inbound,0.0,15.0,3.75
2026-09-03,10,POP,POP - POP105,0,98,Oak Grove Road,36.22235107421875,-81.70210266113281,2870,2913,2026-09-03 17:45:10 EDT,2026-09-03 17:45:10 EDT,2026-09-03 17:46:00 EDT,2026-09-03 17:46:00 EDT,17:00,60,60.0,900.0,225.0,1,volpe_ip3_dev.gtfsrt.ac_stop_time_updates,trip_pair,Inbound,Inbound,1.0,15.0,3.75
2026-09-03,10,POP,POP - POP105,0,101,Ram's Rack,36.22066116333008,-81.68798828125,2870,2913,2026-09-03 17:47:46 EDT,2026-09-03 17:48:05 EDT,2026-09-03 17:48:00 EDT,2026-09-03 17:49:00 EDT,17:00,60,60.0,900.0,225.0,2,volpe_ip3_dev.gtfsrt.ac_stop_time_updates,trip_pair,Inbound,Inbound,1.0,15.0,3.75
2026-09-03,10,POP,POP - POP105,0,57,ASU Schaefer Center,36.21565246582031,-81.68328857421875,2870,2913,2026-09-03 17:49:49 EDT,2026-09-03 17:50:39 EDT,2026-09-03 17:51:00 EDT,2026-09-03 17:52:00 EDT,17:00,0,0.0,900.0,225.0,3,volpe_ip3_dev.gtfsrt.ac_stop_time_updates,trip_pair,Inbound,Inbound,0.0,15.0,3.75
2026-09-03,10,POP,POP - POP105,0,57,ASU Schaefer Center,36.21565246582031,-81.68328857421875,2913,2870,2026-09-03 17:51:12 EDT,2026-09-03 17:51:12 EDT,2026-09-03 17:52:00 EDT,2026-09-03 17:52:00 EDT,17:00,60,60.0,900.0,225.0,1,volpe_ip3_dev.gtfsrt.ac_stop_time_updates,trip_pair,Inbound,Inbound,1.0,15.0,3.75
2026-09-03,31,R,R - Red,0,72,Dan'l Boone Inn,36.2163200378418,-81.67489624023438,172,187,2026-09-03 15:19:38 EDT,2026-09-03 15:21:20 EDT,2026-09-03 15:21:00 EDT,2026-09-03 15:22:00 EDT,15:00,0,0.0,900.0,225.0,6,volpe_ip3_dev.gtfsrt.ac_stop_time_updates,trip_pair,Inbound,Inbound,0.0,15.0,3.75
2026-09-03,31,R,R - Red,0,72,Dan'l Boone Inn,36.2163200378418,-81.67489624023438,187,172,2026-09-03 15:22:06 EDT,2026-09-03 15:23:33 EDT,2026-09-03 15:23:00 EDT,2026-09-03 15:24:00 EDT,15:00,60,60.0,900.0,225.0,4,volpe_ip3_dev.gtfsrt.ac_stop_time_updates,trip_pair,Inbound,Inbound,1.0,15.0,3.75
2026-09-03,31,R,R - Red,0,8,Watauga Medical Center,36.198394775390625,-81.65241241455078,173,188,2026-09-03 16:19:37 EDT,2026-09-03 16:26:11 EDT,2026-09-03 16:23:00 EDT,2026-09-03 16:27:00 EDT,16:00,0,0.0,900.0,225.0,15,volpe_ip3_dev.gtfsrt.ac_stop_time_updates,trip_pair,Inbound,Inbound,0.0,15.0,3.75
2026-09-03,31,R,R - Red,0,8,Watauga Medical Center,36.198394775390625,-81.65241241455078,188,173,2026-09-03 16:19:00 EDT,2026-09-03 16:19:00 EDT,2026-09-03 16:23:00 EDT,2026-09-03 16:23:00 EDT,16:00,60,60.0,900.0,225.0,1,volpe_ip3_dev.gtfsrt.ac_stop_time_updates,trip_pair,Inbound,Inbound,1.0,15.0,3.75
2026-09-03,31,R,R - Red,0,9,ASU College of Health Sciences,36.20124053955078,-81.65235900878906,173,188,2026-09-03 16:26:33 EDT,2026-09-03 16:27:07 EDT,2026-09-03 16:26:00 EDT,2026-09-03 16:27:00 EDT,16:00,0,30.0,900.0,225.0,2,volpe_ip3_dev.gtfsrt.ac_stop_time_updates,trip_pair,Inbound,Inbound,0.0,15.0,3.75
2026-09-03,31,R,R - Red,0,10,Parks & Rec,36.202579498291016,-81.65420532226562,173,188,2026-09-03 16:28:12 EDT,2026-09-03 16:28:12 EDT,2026-09-03 16:32:00 EDT,2026-09-03 16:32:00 EDT,16:00,120,120.0,900.0,225.0,1,volpe_ip3_dev.gtfsrt.ac_stop_time_updates,trip_pair,Inbound,Inbound,2.0,15.0,3.75
2026-09-03,31,R,R - Red,0,111,NC 105 Ext / Azalea Dr,36.20625305175781,-81.66854858398438,173,188,2026-09-03 16:40:38 EDT,2026-09-03 16:44:06 EDT,2026-09-03 16:43:00 EDT,2026-09-03 16:45:00 EDT,16:00,0,0.0,900.0,225.0,9,volpe_ip3_dev.gtfsrt.ac_stop_time_updates,trip_pair,Inbound,Inbound,0.0,15.0,3.75
2026-09-03,31,R,R - Red,0,109,Beverly Heights Ave,36.210838317871094,-81.66700744628906,173,188,2026-09-03 16:45:34 EDT,2026-09-03 16:46:09 EDT,2026-09-03 16:45:00 EDT,2026-09-03 16:46:00 EDT,16:00,0,0.0,900.0,225.0,2,volpe_ip3_dev.gtfsrt.ac_stop_time_updates,trip_pair,Inbound,Inbound,0.0,15.0,3.75
2026-09-03,31,R,R - Red,0,110,Quail Drive,36.21404266357422,-81.66873168945312,173,188,2026-09-03 16:47:15 EDT,2026-09-03 16:47:15 EDT,2026-09-03 16:47:00 EDT,2026-09-03 16:47:00 EDT,16:00,60,60.0,900.0,225.0,1,volpe_ip3_dev.gtfsrt.ac_stop_time_updates,trip_pair,Inbound,Inbound,1.0,15.0,3.75
2026-09-03,31,R,R - Red,0,55,Kingswood,36.21635818481445,-81.67219543457031,173,188,2026-09-03 16:48:08 EDT,2026-09-03 16:50:42 EDT,2026-09-03 16:49:00 EDT,2026-09-03 16:50:00 EDT,16:00,0,0.0,900.0,225.0,6,volpe_ip3_dev.gtfsrt.ac_stop_time_updates,trip_pair,Inbound,Inbound,0.0,15.0,3.75
2026-09-03,31,R,R - Red,0,56,Earth Fare,36.21662902832031,-81.67589569091797,173,188,2026-09-03 16:51:10 EDT,2026-09-03 16:52:09 EDT,2026-09-03 16:52:00 EDT,2026-09-03 16:53:00 EDT,16:00,0,0.0,900.0,225.0,3,volpe_ip3_dev.gtfsrt.ac_stop_time_updates,trip_pair,Inbound,Inbound,0.0,15.0,3.75
2026-09-03,2,W,W - Wellness,0,6,The Finmore,36.20286178588867,-81.66133117675781,1561,1560,2026-09-03 15:55:33 EDT,2026-09-03 15:57:03 EDT,2026-09-03 15:58:00 EDT,2026-09-03 15:59:00 EDT,15:00,60,90.0,1200.0,300.0,4,volpe_ip3_dev.gtfsrt.ac_stop_time_updates,trip_pair,Inbound,Inbound,1.0,20.0,5.0
2026-09-04,3,B,B - Blue,0,16,ASU Peacock Traffic Circle,36.2166633605957,-81.68279266357422,3753,3723,2026-09-04 08:21:42 EDT,2026-09-04 08:21:42 EDT,2026-09-04 08:23:00 EDT,2026-09-04 08:23:00 EDT,08:00,60,60.0,3600.0,600.0,1,volpe_ip3_dev.gtfsrt.ac_stop_time_updates,trip_pair,Inbound,Inbound,1.0,60.0,10.0
2026-09-04,11,P,P - Purple,0,26,ASU Garwood Hall,36.21305465698242,-81.68165588378906,487,459,2026-09-04 14:57:23 EDT,2026-09-04 15:00:17 EDT,2026-09-04 14:58:00 EDT,2026-09-04 15:01:00 EDT,14:00,60,60.0,900.0,225.0,8,volpe_ip3_dev.gtfsrt.ac_stop_time_updates,trip_pair,Inbound,Inbound,1.0,15.0,3.75
2026-09-04,11,P,P - Purple,0,26,ASU Garwood Hall,36.21305465698242,-81.68165588378906,488,459,2026-09-04 15:05:15 EDT,2026-09-04 15:05:15 EDT,2026-09-04 15:06:00 EDT,2026-09-04 15:06:00 EDT,15:00,60,60.0,900.0,225.0,1,volpe_ip3_dev.gtfsrt.ac_stop_time_updates,trip_pair,Inbound,Inbound,1.0,15.0,3.75
2026-09-04,11,P,P - Purple,0,89,Village at Meadowview,36.19465637207031,-81.65796661376953,490,462,2026-09-04 16:29:57 EDT,2026-09-04 16:30:27 EDT,2026-09-04 16:31:00 EDT,2026-09-04 16:31:00 EDT,16:00,60,60.0,900.0,225.0,2,volpe_ip3_dev.gtfsrt.ac_stop_time_updates,trip_pair,Inbound,Inbound,1.0,15.0,3.75
2026-09-04,11,P,P - Purple,0,90,Meadowview Dr / Madison Ave,36.19483184814453,-81.65555572509766,490,462,2026-09-04 16:31:26 EDT,2026-09-04 16:31:26 EDT,2026-09-04 16:34:00 EDT,2026-09-04 16:34:00 EDT,16:00,120,120.0,900.0,225.0,1,volpe_ip3_dev.gtfsrt.ac_stop_time_updates,trip_pair,Inbound,Inbound,2.0,15.0,3.75
2026-09-04,11,P,P - Purple,0,95,Wilson Dr,36.20274353027344,-81.67192840576172,490,462,2026-09-04 16:37:55 EDT,2026-09-04 16:37:55 EDT,2026-09-04 16:38:00 EDT,2026-09-04 16:38:00 EDT,16:00,60,60.0,900.0,225.0,1,volpe_ip3_dev.gtfsrt.ac_stop_time_updates,trip_pair,Inbound,Inbound,1.0,15.0,3.75
2026-09-04,11,P,P - Purple,0,14,ASU Mountain Laurel Hall,36.206146240234375,-81.67009735107422,462,490,2026-09-04 16:40:25 EDT,2026-09-04 16:41:54 EDT,2026-09-04 16:40:00 EDT,2026-09-04 16:41:00 EDT,16:00,0,0.0,900.0,225.0,4,volpe_ip3_dev.gtfsrt.ac_stop_time_updates,trip_pair,Inbound,Inbound,0.0,15.0,3.75
2026-09-04,11,P,P - Purple,0,14,ASU Mountain Laurel Hall,36.206146240234375,-81.67009735107422,490,462,2026-09-04 16:39:53 EDT,2026-09-04 16:39:53 EDT,2026-09-04 16:40:00 EDT,2026-09-04 16:40:00 EDT,16:00,60,60.0,900.0,225.0,1,volpe_ip3_dev.gtfsrt.ac_stop_time_updates,trip_pair,Inbound,Inbound,1.0,15.0,3.75
2026-09-04,11,P,P - Purple,0,35,Kangaroo Express,36.208011627197266,-81.67230224609375,490,462,2026-09-04 16:42:52 EDT,2026-09-04 16:42:52 EDT,2026-09-04 16:43:00 EDT,2026-09-04 16:43:00 EDT,16:00,60,60.0,900.0,225.0,1,volpe_ip3_dev.gtfsrt.ac_stop_time_updates,trip_pair,Inbound,Inbound,1.0,15.0,3.75
2026-09-04,11,P,P - Purple,0,36,ASU Skywalk,36.21227264404297,-81.67963409423828,462,490,2026-09-04 16:43:33 EDT,2026-09-04 16:46:26 EDT,2026-09-04 16:44:00 EDT,2026-09-04 16:46:00 EDT,16:00,0,0.0,900.0,225.0,8,volpe_ip3_dev.gtfsrt.ac_stop_time_updates,trip_pair,Inbound,Inbound,0.0,15.0,3.75
2026-09-04,11,P,P - Purple,0,26,ASU Garwood Hall,36.21305465698242,-81.68165588378906,463,491,2026-09-04 16:50:24 EDT,2026-09-04 16:51:18 EDT,2026-09-04 16:51:00 EDT,2026-09-04 16:52:00 EDT,16:00,0,0.0,900.0,225.0,3,volpe_ip3_dev.gtfsrt.ac_stop_time_updates,trip_pair,Inbound,Inbound,0.0,15.0,3.75
2026-09-04,31,R,R - Red,0,72,Dan'l Boone Inn,36.2163200378418,-81.67489624023438,151,186,2026-09-04 14:50:18 EDT,2026-09-04 14:52:18 EDT,2026-09-04 14:51:00 EDT,2026-09-04 14:53:00 EDT,14:00,0,0.0,900.0,225.0,5,volpe_ip3_dev.gtfsrt.ac_stop_time_updates,trip_pair,Inbound,Inbound,0.0,15.0,3.75
2026-09-04,31,R,R - Red,0,72,Dan'l Boone Inn,36.2163200378418,-81.67489624023438,186,151,2026-09-04 14:49:20 EDT,2026-09-04 14:49:50 EDT,2026-09-04 14:51:00 EDT,2026-09-04 14:51:00 EDT,14:00,60,60.0,900.0,225.0,3,volpe_ip3_dev.gtfsrt.ac_stop_time_updates,trip_pair,Inbound,Inbound,1.0,15.0,3.75
2026-09-04,31,R,R - Red,0,72,Dan'l Boone Inn,36.2163200378418,-81.67489624023438,172,186,2026-09-04 15:09:19 EDT,2026-09-04 15:14:56 EDT,2026-09-04 15:10:00 EDT,2026-09-04 15:15:00 EDT,15:00,0,0.0,1800.0,450.0,13,volpe_ip3_dev.gtfsrt.ac_stop_time_updates,trip_pair,Inbound,Inbound,0.0,30.0,7.5
2026-09-08,11,P,P - Purple,0,36,ASU Skywalk,36.21227264404297,-81.67963409423828,489,461,2026-09-08 16:11:39 EDT,2026-09-08 16:12:12 EDT,2026-09-08 16:12:00 EDT,2026-09-08 16:13:00 EDT,16:00,60,90.0,900.0,225.0,2,volpe_ip3_dev.gtfsrt.ac_stop_time_updates,trip_pair,Inbound,Inbound,1.0,15.0,3.75
2026-09-08,11,P,P - Purple,0,14,ASU Mountain Laurel Hall,36.206146240234375,-81.67009735107422,462,490,2026-09-08 16:39:09 EDT,2026-09-08 16:42:14 EDT,2026-09-08 16:39:00 EDT,2026-09-08 16:41:00 EDT,16:00,0,0.0,900.0,225.0,8,volpe_ip3_dev.gtfsrt.ac_stop_time_updates,trip_pair,Inbound,Inbound,0.0,15.0,3.75
2026-09-08,11,P,P - Purple,0,35,Kangaroo Express,36.208011627197266,-81.67230224609375,490,462,2026-09-08 16:42:33 EDT,2026-09-08 16:42:33 EDT,2026-09-08 16:43:00 EDT,2026-09-08 16:43:00 EDT,16:00,60,60.0,900.0,225.0,1,volpe_ip3_dev.gtfsrt.ac_stop_time_updates,trip_pair,Inbound,Inbound,1.0,15.0,3.75
2026-09-08,11,P,P - Purple,0,36,ASU Skywalk,36.21227264404297,-81.67963409423828,462,490,2026-09-08 16:43:42 EDT,2026-09-08 16:45:41 EDT,2026-09-08 16:44:00 EDT,2026-09-08 16:45:00 EDT,16:00,0,0.0,900.0,225.0,5,volpe_ip3_dev.gtfsrt.ac_stop_time_updates,trip_pair,Inbound,Inbound,0.0,15.0,3.75
2026-09-08,11,P,P - Purple,0,26,ASU Garwood Hall,36.21305465698242,-81.68165588378906,463,491,2026-09-08 16:50:35 EDT,2026-09-08 16:52:45 EDT,2026-09-08 16:51:00 EDT,2026-09-08 16:53:00 EDT,16:00,0,0.0,900.0,225.0,6,volpe_ip3_dev.gtfsrt.ac_stop_time_updates,trip_pair,Inbound,Inbound,0.0,15.0,3.75
2026-09-08,9,PK,PK - Pink,0,14,ASU Mountain Laurel Hall,36.206146240234375,-81.67009735107422,741,817,2026-09-08 11:39:02 EDT,2026-09-08 11:40:03 EDT,2026-09-08 11:39:00 EDT,2026-09-08 11:39:00 EDT,11:00,0,0.0,600.0,150.0,3,volpe_ip3_dev.gtfsrt.ac_stop_time_updates,trip_pair,Inbound,Inbound,0.0,10.0,2.5
2026-09-08,9,PK,PK - Pink,0,36,ASU Skywalk,36.21227264404297,-81.67963409423828,741,817,2026-09-08 11:41:03 EDT,2026-09-08 11:41:03 EDT,2026-09-08 11:42:00 EDT,2026-09-08 11:42:00 EDT,11:00,0,0.0,600.0,150.0,1,volpe_ip3_dev.gtfsrt.ac_stop_time_updates,trip_pair,Inbound,Inbound,0.0,10.0,2.5
2026-09-08,9,PK,PK - Pink,0,36,ASU Skywalk,36.21227264404297,-81.67963409423828,817,741,2026-09-08 11:41:35 EDT,2026-09-08 11:42:05 EDT,2026-09-08 11:42:00 EDT,2026-09-08 11:43:00 EDT,11:00,60,60.0,600.0,150.0,2,volpe_ip3_dev.gtfsrt.ac_stop_time_updates,trip_pair,Inbound,Inbound,1.0,10.0,2.5
2026-09-08,9,PK,PK - Pink,0,26,ASU Garwood Hall,36.21305465698242,-81.68165588378906,742,818,2026-09-08 11:49:04 EDT,2026-09-08 11:50:03 EDT,2026-09-08 11:51:00 EDT,2026-09-08 11:51:00 EDT,11:00,60,60.0,600.0,150.0,3,volpe_ip3_dev.gtfsrt.ac_stop_time_updates,trip_pair,Inbound,Inbound,1.0,10.0,2.5
2026-09-08,9,PK,PK - Pink,0,26,ASU Garwood Hall,36.21305465698242,-81.68165588378906,818,742,2026-09-08 11:50:27 EDT,2026-09-08 11:50:27 EDT,2026-09-08 11:51:00 EDT,2026-09-08 11:51:00 EDT,11:00,60,60.0,600.0,150.0,1,volpe_ip3_dev.gtfsrt.ac_stop_time_updates,trip_pair,Inbound,Inbound,1.0,10.0,2.5
2026-09-08,9,PK,PK - Pink,0,14,ASU Mountain Laurel Hall,36.206146240234375,-81.67009735107422,751,827,2026-09-08 16:38:41 EDT,2026-09-08 16:39:44 EDT,2026-09-08 16:40:00 EDT,2026-09-08 16:40:00 EDT,16:00,60,60.0,600.0,150.0,3,volpe_ip3_dev.gtfsrt.ac_stop_time_updates,trip_pair,Inbound,Inbound,1.0,10.0,2.5
2026-09-08,9,PK,PK - Pink,0,14,ASU Mountain Laurel Hall,36.206146240234375,-81.67009735107422,753,829,2026-09-08 17:43:09 EDT,2026-09-08 17:44:48 EDT,2026-09-08 17:45:00 EDT,2026-09-08 17:45:00 EDT,17:00,60,60.0,600.0,150.0,3,volpe_ip3_dev.gtfsrt.ac_stop_time_updates,trip_pair,Inbound,Inbound,1.0,10.0,2.5
2026-09-08,9,PK,PK - Pink,0,36,ASU Skywalk,36.21227264404297,-81.67963409423828,753,829,2026-09-08 17:46:39 EDT,2026-09-08 17:48:14 EDT,2026-09-08 17:47:00 EDT,2026-09-08 17:48:00 EDT,17:00,0,0.0,600.0,150.0,3,volpe_ip3_dev.gtfsrt.ac_stop_time_updates,trip_pair,Inbound,Inbound,0.0,10.0,2.5
2026-09-08,9,PK,PK - Pink,0,26,ASU Garwood Hall,36.21305465698242,-81.68165588378906,3391,808,2026-09-08 17:51:12 EDT,2026-09-08 17:53:12 EDT,2026-09-08 17:52:00 EDT,2026-09-08 17:54:00 EDT,17:00,0,0.0,600.0,150.0,5,volpe_ip3_dev.gtfsrt.ac_stop_time_updates,trip_pair,Inbound,Inbound,0.0,10.0,2.5
2026-09-08,10,POP,POP - POP105,0,84,Hodges Gap Rd,36.20937728881836,-81.70649719238281,2895,2861,2026-09-08 08:20:34 EDT,2026-09-08 08:20:34 EDT,2026-09-08 08:21:00 EDT,2026-09-08 08:21:00 EDT,08:00,60,60.0,900.0,225.0,1,volpe_ip3_dev.gtfsrt.ac_stop_time_updates,trip_pair,Inbound,Inbound,1.0,15.0,3.75
2026-09-08,10,POP,POP - POP105,0,84,Hodges Gap Rd,36.20937728881836,-81.70649719238281,2856,2899,2026-09-08 10:35:23 EDT,2026-09-08 10:35:23 EDT,2026-09-08 10:36:00 EDT,2026-09-08 10:36:00 EDT,10:00,60,60.0,900.0,225.0,1,volpe_ip3_dev.gtfsrt.ac_stop_time_updates,trip_pair,Inbound,Inbound,1.0,15.0,3.75
2026-09-08,31,R,R - Red,0,103,Vet Clinic on Wilson Dr,36.202049255371094,-81.67160034179688,154,175,2026-09-08 17:32:42 EDT,2026-09-08 17:34:39 EDT,2026-09-08 17:34:00 EDT,2026-09-08 17:36:00 EDT,17:00,60,60.0,900.0,225.0,5,volpe_ip3_dev.gtfsrt.ac_stop_time_updates,trip_pair,Inbound,Inbound,1.0,15.0,3.75
2026-09-08,31,R,R - Red,0,8,Watauga Medical Center,36.198394775390625,-81.65241241455078,154,175,2026-09-08 17:41:08 EDT,2026-09-08 17:43:04 EDT,2026-09-08 17:45:00 EDT,2026-09-08 17:46:00 EDT,17:00,0,120.0,900.0,225.0,5,volpe_ip3_dev.gtfsrt.ac_stop_time_updates,trip_pair,Inbound,Inbound,0.0,15.0,3.75
2026-09-08,31,R,R - Red,0,106,Boone Heights 1,36.20238494873047,-81.65646362304688,175,154,2026-09-08 17:48:43 EDT,2026-09-08 17:48:43 EDT,2026-09-08 17:49:00 EDT,2026-09-08 17:49:00 EDT,17:00,60,60.0,900.0,225.0,1,volpe_ip3_dev.gtfsrt.ac_stop_time_updates,trip_pair,Inbound,Inbound,1.0,15.0,3.75
2026-09-08,31,R,R - Red,0,10,Parks & Rec,36.202579498291016,-81.65420532226562,175,154,2026-09-08 17:46:42 EDT,2026-09-08 17:46:42 EDT,2026-09-08 17:50:00 EDT,2026-09-08 17:50:00 EDT,17:00,180,180.0,900.0,225.0,1,volpe_ip3_dev.gtfsrt.ac_stop_time_updates,trip_pair,Inbound,Inbound,3.0,15.0,3.75
2026-09-09,11,P,P - Purple,0,90,Meadowview Dr / Madison Ave,36.19483184814453,-81.65555572509766,492,464,2026-09-09 17:41:19 EDT,2026-09-09 17:41:19 EDT,2026-09-09 17:44:00 EDT,2026-09-09 17:44:00 EDT,17:00,120,120.0,900.0,225.0,1,volpe_ip3_dev.gtfsrt.ac_stop_time_updates,trip_pair,Inbound,Inbound,2.0,15.0,3.75
2026-09-09,11,P,P - Purple,0,36,ASU Skywalk,36.21227264404297,-81.67963409423828,492,464,2026-09-09 17:53:56 EDT,2026-09-09 17:54:23 EDT,2026-09-09 17:54:00 EDT,2026-09-09 17:55:00 EDT,17:00,60,60.0,900.0,225.0,2,volpe_ip3_dev.gtfsrt.ac_stop_time_updates,trip_pair,Inbound,Inbound,1.0,15.0,3.75
2026-09-09,9,PK,PK - Pink,0,14,ASU Mountain Laurel Hall,36.206146240234375,-81.67009735107422,753,829,2026-09-09 17:45:49 EDT,2026-09-09 17:45:49 EDT,2026-09-09 17:45:00 EDT,2026-09-09 17:45:00 EDT,17:00,0,0.0,600.0,150.0,1,volpe_ip3_dev.gtfsrt.ac_stop_time_updates,trip_pair,Inbound,Inbound,0.0,10.0,2.5
2026-09-09,10,POP,POP - POP105,0,84,Hodges Gap Rd,36.20937728881836,-81.70649719238281,2866,2911,2026-09-09 16:35:21 EDT,2026-09-09 16:35:21 EDT,2026-09-09 16:35:00 EDT,2026-09-09 16:35:00 EDT,16:00,0,0.0,900.0,225.0,1,volpe_ip3_dev.gtfsrt.ac_stop_time_updates,trip_pair,Inbound,Inbound,0.0,15.0,3.75
2026-09-09,10,POP,POP - POP105,0,98,Oak Grove Road,36.22235107421875,-81.70210266113281,2912,2914,2026-09-09 17:54:58 EDT,2026-09-09 17:54:58 EDT,2026-09-09 17:54:00 EDT,2026-09-09 17:54:00 EDT,17:00,0,0.0,3600.0,600.0,1,volpe_ip3_dev.gtfsrt.ac_stop_time_updates,trip_pair,Inbound,Inbound,0.0,60.0,10.0
2026-09-09,31,R,R - Red,0,10,Parks & Rec,36.202579498291016,-81.65420532226562,175,154,2026-09-09 17:44:22 EDT,2026-09-09 17:44:22 EDT,2026-09-09 17:48:00 EDT,2026-09-09 17:48:00 EDT,17:00,120,120.0,900.0,225.0,1,volpe_ip3_dev.gtfsrt.ac_stop_time_updates,trip_pair,Inbound,Inbound,2.0,15.0,3.75
2026-09-09,31,R,R - Red,0,106,Boone Heights 1,36.20238494873047,-81.65646362304688,175,154,2026-09-09 17:47:22 EDT,2026-09-09 17:47:58 EDT,2026-09-09 17:48:00 EDT,2026-09-09 17:48:00 EDT,17:00,60,60.0,900.0,225.0,2,volpe_ip3_dev.gtfsrt.ac_stop_time_updates,trip_pair,Inbound,Inbound,1.0,15.0,3.75
2026-09-10,11,P,P - Purple,0,30,Boone Mall,36.203514099121094,-81.66619110107422,451,479,2026-09-10 10:55:17 EDT,2026-09-10 10:55:17 EDT,2026-09-10 10:55:30 EDT,2026-09-10 10:55:30 EDT,10:00,0,0.0,900.0,225.0,1,volpe_ip3_dev.gtfsrt.ac_stop_time_updates,trip_pair,Inbound,Inbound,0.0,15.0,3.75
2026-09-10,11,P,P - Purple,0,14,ASU Mountain Laurel Hall,36.206146240234375,-81.67009735107422,451,479,2026-09-10 11:09:22 EDT,2026-09-10 11:11:47 EDT,2026-09-10 11:09:00 EDT,2026-09-10 11:11:00 EDT,11:00,0,0.0,900.0,225.0,6,volpe_ip3_dev.gtfsrt.ac_stop_time_updates,trip_pair,Inbound,Inbound,0.0,15.0,3.75
2026-09-10,11,P,P - Purple,0,35,Kangaroo Express,36.208011627197266,-81.67230224609375,451,479,2026-09-10 11:12:16 EDT,2026-09-10 11:12:16 EDT,2026-09-10 11:13:00 EDT,2026-09-10 11:13:00 EDT,11:00,0,0.0,900.0,225.0,1,volpe_ip3_dev.gtfsrt.ac_stop_time_updates,trip_pair,Inbound,Inbound,0.0,15.0,3.75
2026-09-10,11,P,P - Purple,0,35,Kangaroo Express,36.208011627197266,-81.67230224609375,479,451,2026-09-10 11:12:47 EDT,2026-09-10 11:12:47 EDT,2026-09-10 11:13:00 EDT,2026-09-10 11:13:00 EDT,11:00,60,60.0,900.0,225.0,1,volpe_ip3_dev.gtfsrt.ac_stop_time_updates,trip_pair,Inbound,Inbound,1.0,15.0,3.75
2026-09-10,11,P,P - Purple,0,36,ASU Skywalk,36.21227264404297,-81.67963409423828,451,479,2026-09-10 11:13:25 EDT,2026-09-10 11:13:45 EDT,2026-09-10 11:14:00 EDT,2026-09-10 11:14:00 EDT,11:00,0,0.0,900.0,225.0,3,volpe_ip3_dev.gtfsrt.ac_stop_time_updates,trip_pair,Inbound,Inbound,0.0,15.0,3.75
2026-09-10,11,P,P - Purple,0,36,ASU Skywalk,36.21227264404297,-81.67963409423828,479,451,2026-09-10 11:14:22 EDT,2026-09-10 11:14:22 EDT,2026-09-10 11:15:00 EDT,2026-09-10 11:15:00 EDT,11:00,60,60.0,900.0,225.0,1,volpe_ip3_dev.gtfsrt.ac_stop_time_updates,trip_pair,Inbound,Inbound,1.0,15.0,3.75
2026-09-10,11,P,P - Purple,0,26,ASU Garwood Hall,36.21305465698242,-81.68165588378906,452,480,2026-09-10 11:20:16 EDT,2026-09-10 11:21:46 EDT,2026-09-10 11:21:00 EDT,2026-09-10 11:22:00 EDT,11:00,0,30.0,900.0,225.0,4,volpe_ip3_dev.gtfsrt.ac_stop_time_updates,trip_pair,Inbound,Inbound,0.0,15.0,3.75
2026-09-10,11,P,P - Purple,0,26,ASU Garwood Hall,36.21305465698242,-81.68165588378906,480,452,2026-09-10 11:19:48 EDT,2026-09-10 11:19:48 EDT,2026-09-10 11:21:00 EDT,2026-09-10 11:21:00 EDT,11:00,60,60.0,900.0,225.0,1,volpe_ip3_dev.gtfsrt.ac_stop_time_updates,trip_pair,Inbound,Inbound,1.0,15.0,3.75
2026-09-10,11,P,P - Purple,0,14,ASU Mountain Laurel Hall,36.206146240234375,-81.67009735107422,489,461,2026-09-10 16:10:32 EDT,2026-09-10 16:11:02 EDT,2026-09-10 16:11:00 EDT,2026-09-10 16:12:00 EDT,16:00,60,90.0,900.0,225.0,2,volpe_ip3_dev.gtfsrt.ac_stop_time_updates,trip_pair,Inbound,Inbound,1.0,15.0,3.75
2026-09-10,11,P,P - Purple,0,26,ASU Garwood Hall,36.21305465698242,-81.68165588378906,463,491,2026-09-10 16:54:27 EDT,2026-09-10 16:57:57 EDT,2026-09-10 16:55:00 EDT,2026-09-10 16:58:00 EDT,16:00,0,60.0,900.0,225.0,8,volpe_ip3_dev.gtfsrt.ac_stop_time_updates,trip_pair,Inbound,Inbound,0.0,15.0,3.75
2026-09-10,9,PK,PK - Pink,0,14,ASU Mountain Laurel Hall,36.206146240234375,-81.67009735107422,750,826,2026-09-10 16:10:25 EDT,2026-09-10 16:11:55 EDT,2026-09-10 16:12:00 EDT,2026-09-10 16:12:00 EDT,16:00,60,60.0,600.0,150.0,4,volpe_ip3_dev.gtfsrt.ac_stop_time_updates,trip_pair,Inbound,Inbound,1.0,10.0,2.5
2026-09-10,9,PK,PK - Pink,0,36,ASU Skywalk,36.21227264404297,-81.67963409423828,750,826,2026-09-10 16:15:30 EDT,2026-09-10 16:15:30 EDT,2026-09-10 16:16:00 EDT,2026-09-10 16:16:00 EDT,16:00,60,60.0,600.0,150.0,1,volpe_ip3_dev.gtfsrt.ac_stop_time_updates,trip_pair,Inbound,Inbound,1.0,10.0,2.5
2026-09-10,9,PK,PK - Pink,0,30,Boone Mall,36.203514099121094,-81.66619110107422,751,827,2026-09-10 16:24:59 EDT,2026-09-10 16:25:29 EDT,2026-09-10 16:26:00 EDT,2026-09-10 16:27:00 EDT,16:00,120,120.0,600.0,150.0,2,volpe_ip3_dev.gtfsrt.ac_stop_time_updates,trip_pair,Inbound,Inbound,2.0,10.0,2.5
2026-09-10,9,PK,PK - Pink,0,8,Watauga Medical Center,36.198394775390625,-81.65241241455078,751,827,2026-09-10 16:29:03 EDT,2026-09-10 16:31:21 EDT,2026-09-10 16:32:00 EDT,2026-09-10 16:32:00 EDT,16:00,60,60.0,600.0,150.0,7,volpe_ip3_dev.gtfsrt.ac_stop_time_updates,trip_pair,Inbound,Inbound,1.0,10.0,2.5
2026-09-10,9,PK,PK - Pink,0,9,ASU College of Health Sciences,36.20124053955078,-81.65235900878906,751,827,2026-09-10 16:32:31 EDT,2026-09-10 16:32:31 EDT,2026-09-10 16:32:00 EDT,2026-09-10 16:32:00 EDT,16:00,0,0.0,600.0,150.0,1,volpe_ip3_dev.gtfsrt.ac_stop_time_updates,trip_pair,Inbound,Inbound,0.0,10.0,2.5
2026-09-10,9,PK,PK - Pink,0,10,Parks & Rec,36.202579498291016,-81.65420532226562,751,827,2026-09-10 16:33:01 EDT,2026-09-10 16:34:26 EDT,2026-09-10 16:35:00 EDT,2026-09-10 16:36:00 EDT,16:00,0,60.0,600.0,150.0,4,volpe_ip3_dev.gtfsrt.ac_stop_time_updates,trip_pair,Inbound,Inbound,0.0,10.0,2.5
2026-09-10,9,PK,PK - Pink,0,6,The Finmore,36.20286178588867,-81.66133117675781,751,827,2026-09-10 16:36:02 EDT,2026-09-10 16:36:02 EDT,2026-09-10 16:37:00 EDT,2026-09-10 16:37:00 EDT,16:00,120,120.0,600.0,150.0,1,volpe_ip3_dev.gtfsrt.ac_stop_time_updates,trip_pair,Inbound,Inbound,2.0,10.0,2.5
2026-09-10,9,PK,PK - Pink,0,26,ASU Garwood Hall,36.21305465698242,-81.68165588378906,752,828,2026-09-10 16:54:32 EDT,2026-09-10 16:56:01 EDT,2026-09-10 16:55:00 EDT,2026-09-10 16:56:00 EDT,16:00,0,0.0,600.0,150.0,4,volpe_ip3_dev.gtfsrt.ac_stop_time_updates,trip_pair,Inbound,Inbound,0.0,10.0,2.5
2026-09-10,9,PK,PK - Pink,0,26,ASU Garwood Hall,36.21305465698242,-81.68165588378906,828,752,2026-09-10 16:56:25 EDT,2026-09-10 16:56:25 EDT,2026-09-10 16:57:00 EDT,2026-09-10 16:57:00 EDT,16:00,60,60.0,600.0,150.0,1,volpe_ip3_dev.gtfsrt.ac_stop_time_updates,trip_pair,Inbound,Inbound,1.0,10.0,2.5
2026-09-10,10,POP,POP - POP105,0,84,Hodges Gap Rd,36.20937728881836,-81.70649719238281,2870,2913,2026-09-10 17:35:36 EDT,2026-09-10 17:35:36 EDT,2026-09-10 17:36:00 EDT,2026-09-10 17:36:00 EDT,17:00,60,60.0,900.0,225.0,1,volpe_ip3_dev.gtfsrt.ac_stop_time_updates,trip_pair,Inbound,Inbound,1.0,15.0,3.75
2026-09-10,31,R,R - Red,0,72,Dan'l Boone Inn,36.2163200378418,-81.67489624023438,153,174,2026-09-10 16:36:31 EDT,2026-09-10 16:41:25 EDT,2026-09-10 16:37:00 EDT,2026-09-10 16:42:00 EDT,16:00,0,0.0,900.0,225.0,12,volpe_ip3_dev.gtfsrt.ac_stop_time_updates,trip_pair,Inbound,Inbound,0.0,15.0,3.75
2026-09-10,31,R,R - Red,0,72,Dan'l Boone Inn,36.2163200378418,-81.67489624023438,191,156,2026-09-10 18:44:38 EDT,2026-09-10 18:44:58 EDT,2026-09-10 18:46:00 EDT,2026-09-10 18:46:00 EDT,18:00,120,120.0,1500.0,375.0,2,volpe_ip3_dev.gtfsrt.ac_stop_time_updates,trip_pair,Inbound,Inbound,2.0,25.0,6.25
2026-09-10,29,T,T - Teal,0,61,Cottages of Boone 2,36.20285415649414,-81.70240020751953,305,727,2026-09-10 18:06:26 EDT,2026-09-10 18:15:33 EDT,2026-09-10 18:08:00 EDT,2026-09-10 18:16:00 EDT,18:00,0,0.0,1200.0,300.0,20,volpe_ip3_dev.gtfsrt.ac_stop_time_updates,trip_pair,Inbound,Inbound,0.0,20.0,5.0
2026-09-10,29,T,T - Teal,0,62,Cottages of Boone 3,36.20326232910156,-81.70382690429688,305,727,2026-09-10 18:16:03 EDT,2026-09-10 18:16:03 EDT,2026-09-10 18:17:00 EDT,2026-09-10 18:17:00 EDT,18:00,60,60.0,1200.0,300.0,1,volpe_ip3_dev.gtfsrt.ac_stop_time_updates,trip_pair,Inbound,Inbound,1.0,20.0,5.0
2026-09-10,29,T,T - Teal,0,63,Poplar Grove / NC 105,36.20680618286133,-81.70252990722656,305,727,2026-09-10 18:16:33 EDT,2026-09-10 18:18:33 EDT,2026-09-10 18:19:00 EDT,2026-09-10 18:20:00 EDT,18:00,60,60.0,1200.0,300.0,5,volpe_ip3_dev.gtfsrt.ac_stop_time_updates,trip_pair,Inbound,Inbound,1.0,20.0,5.0
2026-09-10,29,T,T - Teal,0,14,ASU Mountain Laurel Hall,36.206146240234375,-81.67009735107422,305,727,2026-09-10 18:24:25 EDT,2026-09-10 18:24:25 EDT,2026-09-10 18:28:00 EDT,2026-09-10 18:28:00 EDT,18:00,240,240.0,1200.0,300.0,2,volpe_ip3_dev.gtfsrt.ac_stop_time_updates,trip_pair,Inbound,Inbound,4.0,20.0,5.0
2026-09-14,11,P,P - Purple,0,14,ASU Mountain Laurel Hall,36.206146240234375,-81.67009735107422,27,473,2026-09-14 07:53:06 EDT,2026-09-14 07:54:10 EDT,2026-09-14 07:54:00 EDT,2026-09-14 07:54:00 EDT,07:00,60,60.0,900.0,225.0,3,volpe_ip3_dev.gtfsrt.ac_stop_time_updates,trip_pair,Inbound,Inbound,1.0,15.0,3.75
2026-09-14,11,P,P - Purple,0,36,ASU Skywalk,36.21227264404297,-81.67963409423828,27,473,2026-09-14 07:57:09 EDT,2026-09-14 07:59:05 EDT,2026-09-14 07:58:00 EDT,2026-09-14 07:59:00 EDT,07:00,0,60.0,900.0,225.0,5,volpe_ip3_dev.gtfsrt.ac_stop_time_updates,trip_pair,Inbound,Inbound,0.0,15.0,3.75
2026-09-14,11,P,P - Purple,0,14,ASU Mountain Laurel Hall,36.206146240234375,-81.67009735107422,457,485,2026-09-14 14:07:43 EDT,2026-09-14 14:08:53 EDT,2026-09-14 14:07:00 EDT,2026-09-14 14:08:00 EDT,14:00,0,0.0,900.0,225.0,3,volpe_ip3_dev.gtfsrt.ac_stop_time_updates,trip_pair,Inbound,Inbound,0.0,15.0,3.75
2026-09-14,11,P,P - Purple,0,14,ASU Mountain Laurel Hall,36.206146240234375,-81.67009735107422,485,457,2026-09-14 14:09:20 EDT,2026-09-14 14:09:20 EDT,2026-09-14 14:09:00 EDT,2026-09-14 14:09:00 EDT,14:00,60,60.0,900.0,225.0,1,volpe_ip3_dev.gtfsrt.ac_stop_time_updates,trip_pair,Inbound,Inbound,1.0,15.0,3.75
2026-09-14,11,P,P - Purple,0,35,Kangaroo Express,36.208011627197266,-81.67230224609375,485,457,2026-09-14 14:09:43 EDT,2026-09-14 14:09:43 EDT,2026-09-14 14:10:00 EDT,2026-09-14 14:10:00 EDT,14:00,60,60.0,900.0,225.0,1,volpe_ip3_dev.gtfsrt.ac_stop_time_updates,trip_pair,Inbound,Inbound,1.0,15.0,3.75
2026-09-14,11,P,P - Purple,0,36,ASU Skywalk,36.21227264404297,-81.67963409423828,457,485,2026-09-14 14:10:55 EDT,2026-09-14 14:11:49 EDT,2026-09-14 14:11:00 EDT,2026-09-14 14:12:00 EDT,14:00,0,0.0,900.0,225.0,3,volpe_ip3_dev.gtfsrt.ac_stop_time_updates,trip_pair,Inbound,Inbound,0.0,15.0,3.75
2026-09-14,11,P,P - Purple,0,36,ASU Skywalk,36.21227264404297,-81.67963409423828,485,457,2026-09-14 14:12:22 EDT,2026-09-14 14:12:22 EDT,2026-09-14 14:12:00 EDT,2026-09-14 14:12:00 EDT,14:00,60,60.0,900.0,225.0,2,volpe_ip3_dev.gtfsrt.ac_stop_time_updates,trip_pair,Inbound,Inbound,1.0,15.0,3.75
2026-09-14,11,P,P - Purple,0,90,Meadowview Dr / Madison Ave,36.19483184814453,-81.65555572509766,459,487,2026-09-14 15:02:53 EDT,2026-09-14 15:03:21 EDT,2026-09-14 15:05:00 EDT,2026-09-14 15:06:00 EDT,15:00,60,120.0,900.0,225.0,2,volpe_ip3_dev.gtfsrt.ac_stop_time_updates,trip_pair,Inbound,Inbound,1.0,15.0,3.75
2026-09-14,11,P,P - Purple,0,91,Meadowview Dr / Greenway Rd,36.197723388671875,-81.6633071899414,459,487,2026-09-14 15:04:22 EDT,2026-09-14 15:04:22 EDT,2026-09-14 15:06:00 EDT,2026-09-14 15:06:00 EDT,15:00,120,120.0,900.0,225.0,1,volpe_ip3_dev.gtfsrt.ac_stop_time_updates,trip_pair,Inbound,Inbound,2.0,15.0,3.75
2026-09-14,11,P,P - Purple,0,92,Greenway Rd Parking Lot,36.19805145263672,-81.66397857666016,459,487,2026-09-14 15:05:52 EDT,2026-09-14 15:05:52 EDT,2026-09-14 15:06:00 EDT,2026-09-14 15:06:00 EDT,15:00,60,60.0,900.0,225.0,1,volpe_ip3_dev.gtfsrt.ac_stop_time_updates,trip_pair,Inbound,Inbound,1.0,15.0,3.75
2026-09-14,11,P,P - Purple,0,95,Wilson Dr,36.20274353027344,-81.67192840576172,459,487,2026-09-14 15:07:47 EDT,2026-09-14 15:07:47 EDT,2026-09-14 15:08:00 EDT,2026-09-14 15:08:00 EDT,15:00,60,60.0,900.0,225.0,1,volpe_ip3_dev.gtfsrt.ac_stop_time_updates,trip_pair,Inbound,Inbound,1.0,15.0,3.75
2026-09-14,11,P,P - Purple,0,14,ASU Mountain Laurel Hall,36.206146240234375,-81.67009735107422,459,487,2026-09-14 15:08:56 EDT,2026-09-14 15:11:21 EDT,2026-09-14 15:09:00 EDT,2026-09-14 15:11:00 EDT,15:00,0,0.0,900.0,225.0,6,volpe_ip3_dev.gtfsrt.ac_stop_time_updates,trip_pair,Inbound,Inbound,0.0,15.0,3.75
2026-09-14,11,P,P - Purple,0,35,Kangaroo Express,36.208011627197266,-81.67230224609375,487,459,2026-09-14 15:11:49 EDT,2026-09-14 15:11:49 EDT,2026-09-14 15:12:00 EDT,2026-09-14 15:12:00 EDT,15:00,60,60.0,900.0,225.0,1,volpe_ip3_dev.gtfsrt.ac_stop_time_updates,trip_pair,Inbound,Inbound,1.0,15.0,3.75
2026-09-14,11,P,P - Purple,0,36,ASU Skywalk,36.21227264404297,-81.67963409423828,459,487,2026-09-14 15:12:21 EDT,2026-09-14 15:13:50 EDT,2026-09-14 15:13:00 EDT,2026-09-14 15:13:00 EDT,15:00,0,0.0,900.0,225.0,4,volpe_ip3_dev.gtfsrt.ac_stop_time_updates,trip_pair,Inbound,Inbound,0.0,15.0,3.75
2026-09-14,11,P,P - Purple,0,26,ASU Garwood Hall,36.21305465698242,-81.68165588378906,460,488,2026-09-14 15:20:23 EDT,2026-09-14 15:21:53 EDT,2026-09-14 15:21:00 EDT,2026-09-14 15:22:00 EDT,15:00,0,0.0,900.0,225.0,4,volpe_ip3_dev.gtfsrt.ac_stop_time_updates,trip_pair,Inbound,Inbound,0.0,15.0,3.75
2026-09-14,11,P,P - Purple,0,26,ASU Garwood Hall,36.21305465698242,-81.68165588378906,488,460,2026-09-14 15:19:20 EDT,2026-09-14 15:19:52 EDT,2026-09-14 15:21:00 EDT,2026-09-14 15:21:00 EDT,15:00,60,60.0,900.0,225.0,2,volpe_ip3_dev.gtfsrt.ac_stop_time_updates,trip_pair,Inbound,Inbound,1.0,15.0,3.75
2026-09-14,9,PK,PK - Pink,0,29,McDonalds,36.20663833618164,-81.67127227783203,743,819,2026-09-14 12:27:22 EDT,2026-09-14 12:28:45 EDT,2026-09-14 12:28:00 EDT,2026-09-14 12:29:00 EDT,12:00,60,60.0,600.0,150.0,4,volpe_ip3_dev.gtfsrt.ac_stop_time_updates,trip_pair,Inbound,Inbound,1.0,10.0,2.5
2026-09-14,9,PK,PK - Pink,0,30,Boone Mall,36.203514099121094,-81.66619110107422,743,819,2026-09-14 12:30:19 EDT,2026-09-14 12:33:14 EDT,2026-09-14 12:32:00 EDT,2026-09-14 12:34:00 EDT,12:00,0,60.0,600.0,150.0,8,volpe_ip3_dev.gtfsrt.ac_stop_time_updates,trip_pair,Inbound,Inbound,0.0,10.0,2.5
2026-09-14,9,PK,PK - Pink,0,7,Postal St / Blowing Rock Rd,36.200992584228516,-81.66154479980469,743,819,2026-09-14 12:34:20 EDT,2026-09-14 12:34:20 EDT,2026-09-14 12:34:00 EDT,2026-09-14 12:34:00 EDT,12:00,0,0.0,600.0,150.0,1,volpe_ip3_dev.gtfsrt.ac_stop_time_updates,trip_pair,Inbound,Inbound,0.0,10.0,2.5
2026-09-14,9,PK,PK - Pink,0,8,Watauga Medical Center,36.198394775390625,-81.65241241455078,743,819,2026-09-14 12:35:47 EDT,2026-09-14 12:38:40 EDT,2026-09-14 12:37:00 EDT,2026-09-14 12:39:00 EDT,12:00,0,0.0,600.0,150.0,7,volpe_ip3_dev.gtfsrt.ac_stop_time_updates,trip_pair,Inbound,Inbound,0.0,10.0,2.5
2026-09-14,9,PK,PK - Pink,0,9,ASU College of Health Sciences,36.20124053955078,-81.65235900878906,743,819,2026-09-14 12:39:49 EDT,2026-09-14 12:40:19 EDT,2026-09-14 12:40:00 EDT,2026-09-14 12:41:00 EDT,12:00,0,60.0,600.0,150.0,2,volpe_ip3_dev.gtfsrt.ac_stop_time_updates,trip_pair,Inbound,Inbound,0.0,10.0,2.5
2026-09-14,9,PK,PK - Pink,0,6,The Finmore,36.20286178588867,-81.66133117675781,743,819,2026-09-14 12:42:14 EDT,2026-09-14 12:42:42 EDT,2026-09-14 12:42:00 EDT,2026-09-14 12:43:00 EDT,12:00,0,30.0,600.0,150.0,2,volpe_ip3_dev.gtfsrt.ac_stop_time_updates,trip_pair,Inbound,Inbound,0.0,10.0,2.5
2026-09-14,9,PK,PK - Pink,0,10,Parks & Rec,36.202579498291016,-81.65420532226562,743,819,2026-09-14 12:41:14 EDT,2026-09-14 12:41:14 EDT,2026-09-14 12:43:00 EDT,2026-09-14 12:43:00 EDT,12:00,120,120.0,600.0,150.0,1,volpe_ip3_dev.gtfsrt.ac_stop_time_updates,trip_pair,Inbound,Inbound,2.0,10.0,2.5
2026-09-14,9,PK,PK - Pink,0,14,ASU Mountain Laurel Hall,36.206146240234375,-81.67009735107422,743,819,2026-09-14 12:46:14 EDT,2026-09-14 12:47:17 EDT,2026-09-14 12:47:00 EDT,2026-09-14 12:48:00 EDT,12:00,60,60.0,600.0,150.0,3,volpe_ip3_dev.gtfsrt.ac_stop_time_updates,trip_pair,Inbound,Inbound,1.0,10.0,2.5
2026-09-14,9,PK,PK - Pink,0,82,ASU University Hall,36.205265045166016,-81.66351318359375,743,819,2026-09-14 12:43:43 EDT,2026-09-14 12:44:41 EDT,2026-09-14 12:47:00 EDT,2026-09-14 12:48:00 EDT,12:00,0,60.0,600.0,150.0,3,volpe_ip3_dev.gtfsrt.ac_stop_time_updates,trip_pair,Inbound,Inbound,0.0,10.0,2.5
2026-09-14,9,PK,PK - Pink,0,36,ASU Skywalk,36.21227264404297,-81.67963409423828,743,819,2026-09-14 12:51:15 EDT,2026-09-14 12:52:18 EDT,2026-09-14 12:52:00 EDT,2026-09-14 12:53:00 EDT,12:00,60,60.0,600.0,150.0,3,volpe_ip3_dev.gtfsrt.ac_stop_time_updates,trip_pair,Inbound,Inbound,1.0,10.0,2.5
2026-09-14,9,PK,PK - Pink,0,26,ASU Garwood Hall,36.21305465698242,-81.68165588378906,744,820,2026-09-14 12:55:44 EDT,2026-09-14 12:58:44 EDT,2026-09-14 12:56:00 EDT,2026-09-14 12:59:00 EDT,12:00,0,60.0,600.0,150.0,7,volpe_ip3_dev.gtfsrt.ac_stop_time_updates,trip_pair,Inbound,Inbound,0.0,10.0,2.5
2026-09-14,9,PK,PK - Pink,0,26,ASU Garwood Hall,36.21305465698242,-81.68165588378906,820,744,2026-09-14 12:59:16 EDT,2026-09-14 12:59:42 EDT,2026-09-14 13:00:00 EDT,2026-09-14 13:00:00 EDT,13:00,60,60.0,600.0,150.0,2,volpe_ip3_dev.gtfsrt.ac_stop_time_updates,trip_pair,Inbound,Inbound,1.0,10.0,2.5
2026-09-14,9,PK,PK - Pink,0,27,ASU Convocation Center,36.2109375,-81.67520141601562,820,744,2026-09-14 13:01:12 EDT,2026-09-14 13:01:12 EDT,2026-09-14 13:02:00 EDT,2026-09-14 13:02:00 EDT,13:00,60,60.0,600.0,150.0,1,volpe_ip3_dev.gtfsrt.ac_stop_time_updates,trip_pair,Inbound,Inbound,1.0,10.0,2.5
2026-09-14,9,PK,PK - Pink,0,28,Highland Avenue,36.2090950012207,-81.67361450195312,744,820,2026-09-14 13:02:21 EDT,2026-09-14 13:02:38 EDT,2026-09-14 13:02:00 EDT,2026-09-14 13:03:00 EDT,13:00,0,0.0,600.0,150.0,2,volpe_ip3_dev.gtfsrt.ac_stop_time_updates,trip_pair,Inbound,Inbound,0.0,10.0,2.5
2026-09-14,9,PK,PK - Pink,0,29,McDonalds,36.20663833618164,-81.67127227783203,820,744,2026-09-14 13:03:16 EDT,2026-09-14 13:03:16 EDT,2026-09-14 13:04:00 EDT,2026-09-14 13:04:00 EDT,13:00,60,60.0,600.0,150.0,1,volpe_ip3_dev.gtfsrt.ac_stop_time_updates,trip_pair,Inbound,Inbound,1.0,10.0,2.5
2026-09-14,9,PK,PK - Pink,0,30,Boone Mall,36.203514099121094,-81.66619110107422,744,820,2026-09-14 13:04:40 EDT,2026-09-14 13:05:44 EDT,2026-09-14 13:06:00 EDT,2026-09-14 13:07:00 EDT,13:00,0,0.0,600.0,150.0,3,volpe_ip3_dev.gtfsrt.ac_stop_time_updates,trip_pair,Inbound,Inbound,0.0,10.0,2.5
2026-09-14,9,PK,PK - Pink,0,30,Boone Mall,36.203514099121094,-81.66619110107422,820,744,2026-09-14 13:06:16 EDT,2026-09-14 13:06:16 EDT,2026-09-14 13:07:00 EDT,2026-09-14 13:07:00 EDT,13:00,60,60.0,600.0,150.0,1,volpe_ip3_dev.gtfsrt.ac_stop_time_updates,trip_pair,Inbound,Inbound,1.0,10.0,2.5
2026-09-14,10,POP,POP - POP105,0,84,Hodges Gap Rd,36.20937728881836,-81.70649719238281,2914,2870,2026-09-14 17:50:28 EDT,2026-09-14 17:50:28 EDT,2026-09-14 17:51:00 EDT,2026-09-14 17:51:00 EDT,17:00,60,60.0,900.0,225.0,1,volpe_ip3_dev.gtfsrt.ac_stop_time_updates,trip_pair,Inbound,Inbound,1.0,15.0,3.75
2026-09-14,31,R,R - Red,0,103,Vet Clinic on Wilson Dr,36.202049255371094,-81.67160034179688,188,153,2026-09-14 16:29:00 EDT,2026-09-14 16:29:00 EDT,2026-09-14 16:31:00 EDT,2026-09-14 16:31:00 EDT,16:00,180,180.0,900.0,225.0,2,volpe_ip3_dev.gtfsrt.ac_stop_time_updates,trip_pair,Inbound,Inbound,3.0,15.0,3.75
2026-09-14,31,R,R - Red,0,8,Watauga Medical Center,36.198394775390625,-81.65241241455078,153,188,2026-09-14 16:37:32 EDT,2026-09-14 16:37:32 EDT,2026-09-14 16:41:00 EDT,2026-09-14 16:41:00 EDT,16:00,0,0.0,900.0,225.0,1,volpe_ip3_dev.gtfsrt.ac_stop_time_updates,trip_pair,Inbound,Inbound,0.0,15.0,3.75
2026-09-14,31,R,R - Red,0,8,Watauga Medical Center,36.198394775390625,-81.65241241455078,188,153,2026-09-14 16:38:03 EDT,2026-09-14 16:39:30 EDT,2026-09-14 16:42:00 EDT,2026-09-14 16:43:00 EDT,16:00,120,180.0,900.0,225.0,5,volpe_ip3_dev.gtfsrt.ac_stop_time_updates,trip_pair,Inbound,Inbound,2.0,15.0,3.75
2026-09-14,31,R,R - Red,0,111,NC 105 Ext / Azalea Dr,36.20625305175781,-81.66854858398438,153,188,2026-09-14 16:54:33 EDT,2026-09-14 16:58:33 EDT,2026-09-14 16:56:00 EDT,2026-09-14 16:59:00 EDT,16:00,0,0.0,900.0,225.0,8,volpe_ip3_dev.gtfsrt.ac_stop_time_updates,trip_pair,Inbound,Inbound,0.0,15.0,3.75
2026-09-14,31,R,R - Red,0,111,NC 105 Ext / Azalea Dr,36.20625305175781,-81.66854858398438,188,153,2026-09-14 16:53:29 EDT,2026-09-14 16:58:04 EDT,2026-09-14 16:56:00 EDT,2026-09-14 16:59:00 EDT,16:00,60,60.0,900.0,225.0,3,volpe_ip3_dev.gtfsrt.ac_stop_time_updates,trip_pair,Inbound,Inbound,1.0,15.0,3.75
2026-09-14,31,R,R - Red,0,109,Beverly Heights Ave,36.210838317871094,-81.66700744628906,153,188,2026-09-14 16:59:23 EDT,2026-09-14 16:59:23 EDT,2026-09-14 16:59:00 EDT,2026-09-14 16:59:00 EDT,16:00,0,0.0,900.0,225.0,1,volpe_ip3_dev.gtfsrt.ac_stop_time_updates,trip_pair,Inbound,Inbound,0.0,15.0,3.75
2026-09-14,31,R,R - Red,0,55,Kingswood,36.21635818481445,-81.67219543457031,188,153,2026-09-14 17:01:27 EDT,2026-09-14 17:01:27 EDT,2026-09-14 17:02:00 EDT,2026-09-14 17:02:00 EDT,17:00,60,60.0,900.0,225.0,1,volpe_ip3_dev.gtfsrt.ac_stop_time_updates,trip_pair,Inbound,Inbound,1.0,15.0,3.75
2026-09-14,31,R,R - Red,0,72,Dan'l Boone Inn,36.2163200378418,-81.67489624023438,154,189,2026-09-14 17:06:04 EDT,2026-09-14 17:07:01 EDT,2026-09-14 17:07:00 EDT,2026-09-14 17:07:00 EDT,17:00,0,0.0,900.0,225.0,3,volpe_ip3_dev.gtfsrt.ac_stop_time_updates,trip_pair,Inbound,Inbound,0.0,15.0,3.75
2026-09-14,31,R,R - Red,0,72,Dan'l Boone Inn,36.2163200378418,-81.67489624023438,189,154,2026-09-14 17:07:29 EDT,2026-09-14 17:07:29 EDT,2026-09-14 17:08:00 EDT,2026-09-14 17:08:00 EDT,17:00,60,60.0,900.0,225.0,1,volpe_ip3_dev.gtfsrt.ac_stop_time_updates,trip_pair,Inbound,Inbound,1.0,15.0,3.75
2026-09-14,31,R,R - Red,0,103,Vet Clinic on Wilson Dr,36.202049255371094,-81.67160034179688,154,189,2026-09-14 17:15:06 EDT,2026-09-14 17:16:01 EDT,2026-09-14 17:17:00 EDT,2026-09-14 17:17:00 EDT,17:00,0,0.0,900.0,225.0,2,volpe_ip3_dev.gtfsrt.ac_stop_time_updates,trip_pair,Inbound,Inbound,0.0,15.0,3.75
2026-09-14,31,R,R - Red,0,103,Vet Clinic on Wilson Dr,36.202049255371094,-81.67160034179688,189,154,2026-09-14 17:15:27 EDT,2026-09-14 17:16:35 EDT,2026-09-14 17:17:00 EDT,2026-09-14 17:18:00 EDT,17:00,60,90.0,900.0,225.0,2,volpe_ip3_dev.gtfsrt.ac_stop_time_updates,trip_pair,Inbound,Inbound,1.0,15.0,3.75
2026-09-14,31,R,R - Red,0,8,Watauga Medical Center,36.198394775390625,-81.65241241455078,154,189,2026-09-14 17:23:32 EDT,2026-09-14 17:25:28 EDT,2026-09-14 17:27:00 EDT,2026-09-14 17:29:00 EDT,17:00,0,0.0,900.0,225.0,3,volpe_ip3_dev.gtfsrt.ac_stop_time_updates,trip_pair,Inbound,Inbound,0.0,15.0,3.75
2026-09-14,31,R,R - Red,0,8,Watauga Medical Center,36.198394775390625,-81.65241241455078,189,154,2026-09-14 17:24:01 EDT,2026-09-14 17:27:29 EDT,2026-09-14 17:28:00 EDT,2026-09-14 17:31:00 EDT,17:00,60,120.0,900.0,225.0,6,volpe_ip3_dev.gtfsrt.ac_stop_time_updates,trip_pair,Inbound,Inbound,1.0,15.0,3.75
2026-09-14,31,R,R - Red,0,108,Walmart 2,36.198158264160156,-81.65874481201172,189,154,2026-09-14 17:35:01 EDT,2026-09-14 17:35:01 EDT,2026-09-14 17:36:00 EDT,2026-09-14 17:36:00 EDT,17:00,120,120.0,900.0,225.0,1,volpe_ip3_dev.gtfsrt.ac_stop_time_updates,trip_pair,Inbound,Inbound,2.0,15.0,3.75
2026-09-14,31,R,R - Red,0,111,NC 105 Ext / Azalea Dr,36.20625305175781,-81.66854858398438,154,189,2026-09-14 17:43:01 EDT,2026-09-14 17:43:01 EDT,2026-09-14 17:44:00 EDT,2026-09-14 17:44:00 EDT,17:00,0,0.0,900.0,225.0,1,volpe_ip3_dev.gtfsrt.ac_stop_time_updates,trip_pair,Inbound,Inbound,0.0,15.0,3.75
2026-09-14,31,R,R - Red,0,111,NC 105 Ext / Azalea Dr,36.20625305175781,-81.66854858398438,189,154,2026-09-14 17:42:38 EDT,2026-09-14 17:44:04 EDT,2026-09-14 17:45:00 EDT,2026-09-14 17:46:00 EDT,17:00,60,120.0,900.0,225.0,4,volpe_ip3_dev.gtfsrt.ac_stop_time_updates,trip_pair,Inbound,Inbound,1.0,15.0,3.75
2026-09-14,31,R,R - Red,0,72,Dan'l Boone Inn,36.2163200378418,-81.67489624023438,190,155,2026-09-14 17:55:00 EDT,2026-09-14 17:55:59 EDT,2026-09-14 17:56:00 EDT,2026-09-14 17:56:00 EDT,17:00,60,60.0,900.0,225.0,3,volpe_ip3_dev.gtfsrt.ac_stop_time_updates,trip_pair,Inbound,Inbound,1.0,15.0,3.75
2026-09-14,31,R,R - Red,0,102,ASU Mountain Laurel Hall / NC 105 Ext,36.206478118896484,-81.66874694824219,190,155,2026-09-14 17:59:57 EDT,2026-09-14 18:00:27 EDT,2026-09-14 18:03:00 EDT,2026-09-14 18:03:00 EDT,18:00,120,150.0,900.0,225.0,2,volpe_ip3_dev.gtfsrt.ac_stop_time_updates,trip_pair,Inbound,Inbound,2.0,15.0,3.75
2026-09-14,31,R,R - Red,0,103,Vet Clinic on Wilson Dr,36.202049255371094,-81.67160034179688,155,190,2026-09-14 18:02:29 EDT,2026-09-14 18:02:59 EDT,2026-09-14 18:04:00 EDT,2026-09-14 18:04:00 EDT,18:00,0,0.0,900.0,225.0,2,volpe_ip3_dev.gtfsrt.ac_stop_time_updates,trip_pair,Inbound,Inbound,0.0,15.0,3.75
2026-09-14,31,R,R - Red,0,103,Vet Clinic on Wilson Dr,36.202049255371094,-81.67160034179688,190,155,2026-09-14 18:03:33 EDT,2026-09-14 18:04:04 EDT,2026-09-14 18:05:00 EDT,2026-09-14 18:05:00 EDT,18:00,60,60.0,900.0,225.0,3,volpe_ip3_dev.gtfsrt.ac_stop_time_updates,trip_pair,Inbound,Inbound,1.0,15.0,3.75
2026-09-14,31,R,R - Red,0,32,College Place,36.19792175292969,-81.66279602050781,155,190,2026-09-14 18:06:36 EDT,2026-09-14 18:06:36 EDT,2026-09-14 18:06:00 EDT,2026-09-14 18:06:00 EDT,18:00,0,0.0,900.0,225.0,1,volpe_ip3_dev.gtfsrt.ac_stop_time_updates,trip_pair,Inbound,Inbound,0.0,15.0,3.75
2026-09-14,31,R,R - Red,0,8,Watauga Medical Center,36.198394775390625,-81.65241241455078,155,190,2026-09-14 18:08:06 EDT,2026-09-14 18:12:32 EDT,2026-09-14 18:12:00 EDT,2026-09-14 18:14:00 EDT,18:00,0,0.0,900.0,225.0,8,volpe_ip3_dev.gtfsrt.ac_stop_time_updates,trip_pair,Inbound,Inbound,0.0,15.0,3.75
2026-09-14,31,R,R - Red,0,8,Watauga Medical Center,36.198394775390625,-81.65241241455078,190,155,2026-09-14 18:11:01 EDT,2026-09-14 18:12:58 EDT,2026-09-14 18:13:00 EDT,2026-09-14 18:15:00 EDT,18:00,60,60.0,900.0,225.0,3,volpe_ip3_dev.gtfsrt.ac_stop_time_updates,trip_pair,Inbound,Inbound,1.0,15.0,3.75
2026-09-14,31,R,R - Red,0,9,ASU College of Health Sciences,36.20124053955078,-81.65235900878906,155,190,2026-09-14 18:13:32 EDT,2026-09-14 18:13:32 EDT,2026-09-14 18:13:00 EDT,2026-09-14 18:13:00 EDT,18:00,0,0.0,900.0,225.0,1,volpe_ip3_dev.gtfsrt.ac_stop_time_updates,trip_pair,Inbound,Inbound,0.0,15.0,3.75
2026-09-14,31,R,R - Red,0,10,Parks & Rec,36.202579498291016,-81.65420532226562,155,190,2026-09-14 18:14:01 EDT,2026-09-14 18:14:01 EDT,2026-09-14 18:18:00 EDT,2026-09-14 18:18:00 EDT,18:00,180,180.0,900.0,225.0,2,volpe_ip3_dev.gtfsrt.ac_stop_time_updates,trip_pair,Inbound,Inbound,3.0,15.0,3.75
2026-09-14,31,R,R - Red,0,111,NC 105 Ext / Azalea Dr,36.20625305175781,-81.66854858398438,155,190,2026-09-14 18:24:04 EDT,2026-09-14 18:24:04 EDT,2026-09-14 18:25:00 EDT,2026-09-14 18:25:00 EDT,18:00,120,120.0,900.0,225.0,1,volpe_ip3_dev.gtfsrt.ac_stop_time_updates,trip_pair,Inbound,Inbound,2.0,15.0,3.75
2026-09-15,9,PK,PK - Pink,0,14,ASU Mountain Laurel Hall,36.206146240234375,-81.67009735107422,751,827,2026-09-15 16:36:11 EDT,2026-09-15 16:36:49 EDT,2026-09-15 16:38:00 EDT,2026-09-15 16:38:00 EDT,16:00,120,120.0,600.0,150.0,2,volpe_ip3_dev.gtfsrt.ac_stop_time_updates,trip_pair,Inbound,Inbound,2.0,10.0,2.5
2026-09-15,9,PK,PK - Pink,0,26,ASU Garwood Hall,36.21305465698242,-81.68165588378906,3391,808,2026-09-15 17:50:51 EDT,2026-09-15 17:52:46 EDT,2026-09-15 17:51:00 EDT,2026-09-15 17:53:00 EDT,17:00,0,0.0,600.0,150.0,5,volpe_ip3_dev.gtfsrt.ac_stop_time_updates,trip_pair,Inbound,Inbound,0.0,10.0,2.5
2026-09-15,10,POP,POP - POP105,0,84,Hodges Gap Rd,36.20937728881836,-81.70649719238281,2861,2894,2026-09-15 08:05:34 EDT,2026-09-15 08:05:34 EDT,2026-09-15 08:06:00 EDT,2026-09-15 08:06:00 EDT,08:00,60,60.0,900.0,225.0,1,volpe_ip3_dev.gtfsrt.ac_stop_time_updates,trip_pair,Inbound,Inbound,1.0,15.0,3.75
2026-09-15,10,POP,POP - POP105,0,84,Hodges Gap Rd,36.20937728881836,-81.70649719238281,2860,2895,2026-09-15 08:35:33 EDT,2026-09-15 08:35:33 EDT,2026-09-15 08:36:00 EDT,2026-09-15 08:36:00 EDT,08:00,60,60.0,900.0,225.0,2,volpe_ip3_dev.gtfsrt.ac_stop_time_updates,trip_pair,Inbound,Inbound,1.0,15.0,3.75
2026-09-15,31,R,R - Red,0,111,NC 105 Ext / Azalea Dr,36.20625305175781,-81.66854858398438,153,174,2026-09-15 17:04:13 EDT,2026-09-15 17:04:13 EDT,2026-09-15 17:07:00 EDT,2026-09-15 17:07:00 EDT,17:00,120,120.0,900.0,225.0,1,volpe_ip3_dev.gtfsrt.ac_stop_time_updates,trip_pair,Inbound,Inbound,2.0,15.0,3.75
2026-09-15,31,R,R - Red,0,55,Kingswood,36.21635818481445,-81.67219543457031,153,174,2026-09-15 17:09:18 EDT,2026-09-15 17:09:48 EDT,2026-09-15 17:09:00 EDT,2026-09-15 17:10:00 EDT,17:00,0,0.0,900.0,225.0,2,volpe_ip3_dev.gtfsrt.ac_stop_time_updates,trip_pair,Inbound,Inbound,0.0,15.0,3.75
2026-09-15,31,R,R - Red,0,56,Earth Fare,36.21662902832031,-81.67589569091797,153,174,2026-09-15 17:10:18 EDT,2026-09-15 17:11:19 EDT,2026-09-15 17:11:00 EDT,2026-09-15 17:11:00 EDT,17:00,0,0.0,900.0,225.0,3,volpe_ip3_dev.gtfsrt.ac_stop_time_updates,trip_pair,Inbound,Inbound,0.0,15.0,3.75
2026-09-15,31,R,R - Red,0,106,Boone Heights 1,36.20238494873047,-81.65646362304688,175,190,2026-09-15 18:07:25 EDT,2026-09-15 18:07:25 EDT,2026-09-15 18:08:00 EDT,2026-09-15 18:08:00 EDT,18:00,60,60.0,900.0,225.0,1,volpe_ip3_dev.gtfsrt.ac_stop_time_updates,trip_pair,Inbound,Inbound,1.0,15.0,3.75
2026-09-15,31,R,R - Red,0,72,Dan'l Boone Inn,36.2163200378418,-81.67489624023438,155,191,2026-09-15 18:23:51 EDT,2026-09-15 18:25:19 EDT,2026-09-15 18:24:00 EDT,2026-09-15 18:26:00 EDT,18:00,0,0.0,1800.0,450.0,4,volpe_ip3_dev.gtfsrt.ac_stop_time_updates,trip_pair,Inbound,Inbound,0.0,30.0,7.5
2026-09-15,31,R,R - Red,0,72,Dan'l Boone Inn,36.2163200378418,-81.67489624023438,191,155,2026-09-15 18:25:53 EDT,2026-09-15 18:27:53 EDT,2026-09-15 18:26:00 EDT,2026-09-15 18:28:00 EDT,18:00,60,60.0,1800.0,450.0,5,volpe_ip3_dev.gtfsrt.ac_stop_time_updates,trip_pair,Inbound,Inbound,1.0,30.0,7.5
2026-09-15,31,R,R - Red,0,72,Dan'l Boone Inn,36.2163200378418,-81.67489624023438,241,26,2026-09-15 22:05:51 EDT,2026-09-15 22:11:21 EDT,2026-09-15 22:06:00 EDT,2026-09-15 22:12:00 EDT,22:00,0,0.0,1200.0,300.0,13,volpe_ip3_dev.gtfsrt.ac_stop_time_updates,trip_pair,Inbound,Inbound,0.0,20.0,5.0
2026-09-16,9,PK,PK - Pink,0,14,ASU Mountain Laurel Hall,36.206146240234375,-81.67009735107422,748,824,2026-09-16 15:07:48 EDT,2026-09-16 15:08:47 EDT,2026-09-16 15:09:00 EDT,2026-09-16 15:09:00 EDT,15:00,60,60.0,600.0,150.0,4,volpe_ip3_dev.gtfsrt.ac_stop_time_updates,trip_pair,Inbound,Inbound,1.0,10.0,2.5
2026-09-16,9,PK,PK - Pink,0,14,ASU Mountain Laurel Hall,36.206146240234375,-81.67009735107422,749,825,2026-09-16 15:38:46 EDT,2026-09-16 15:39:41 EDT,2026-09-16 15:40:00 EDT,2026-09-16 15:41:00 EDT,15:00,60,90.0,600.0,150.0,4,volpe_ip3_dev.gtfsrt.ac_stop_time_updates,trip_pair,Inbound,Inbound,1.0,10.0,2.5
2026-09-16,9,PK,PK - Pink,0,36,ASU Skywalk,36.21227264404297,-81.67963409423828,749,825,2026-09-16 15:42:55 EDT,2026-09-16 15:44:20 EDT,2026-09-16 15:43:00 EDT,2026-09-16 15:44:00 EDT,15:00,0,0.0,600.0,150.0,4,volpe_ip3_dev.gtfsrt.ac_stop_time_updates,trip_pair,Inbound,Inbound,0.0,10.0,2.5
2026-09-16,9,PK,PK - Pink,0,26,ASU Garwood Hall,36.21305465698242,-81.68165588378906,826,750,2026-09-16 15:50:13 EDT,2026-09-16 15:50:43 EDT,2026-09-16 15:51:00 EDT,2026-09-16 15:51:00 EDT,15:00,60,60.0,600.0,150.0,3,volpe_ip3_dev.gtfsrt.ac_stop_time_updates,trip_pair,Inbound,Inbound,1.0,10.0,2.5
2026-09-16,9,PK,PK - Pink,0,14,ASU Mountain Laurel Hall,36.206146240234375,-81.67009735107422,753,829,2026-09-16 17:39:21 EDT,2026-09-16 17:39:21 EDT,2026-09-16 17:41:00 EDT,2026-09-16 17:41:00 EDT,17:00,120,120.0,600.0,150.0,1,volpe_ip3_dev.gtfsrt.ac_stop_time_updates,trip_pair,Inbound,Inbound,2.0,10.0,2.5
2026-09-16,9,PK,PK - Pink,0,8,Watauga Medical Center,36.198394775390625,-81.65241241455078,808,3391,2026-09-16 17:56:19 EDT,2026-09-16 17:56:19 EDT,2026-09-16 17:58:00 EDT,2026-09-16 17:58:00 EDT,17:00,120,120.0,600.0,150.0,1,volpe_ip3_dev.gtfsrt.ac_stop_time_updates,trip_pair,Inbound,Inbound,2.0,10.0,2.5
2026-09-16,10,POP,POP - POP105,0,84,Hodges Gap Rd,36.20937728881836,-81.70649719238281,2897,2859,2026-09-16 09:20:38 EDT,2026-09-16 09:20:38 EDT,2026-09-16 09:21:00 EDT,2026-09-16 09:21:00 EDT,09:00,60,60.0,900.0,225.0,1,volpe_ip3_dev.gtfsrt.ac_stop_time_updates,trip_pair,Inbound,Inbound,1.0,15.0,3.75
2026-09-16,31,R,R - Red,0,102,ASU Mountain Laurel Hall / NC 105 Ext,36.206478118896484,-81.66874694824219,147,182,2026-09-16 11:58:35 EDT,2026-09-16 12:01:08 EDT,2026-09-16 12:02:00 EDT,2026-09-16 12:03:00 EDT,12:00,0,0.0,900.0,225.0,5,volpe_ip3_dev.gtfsrt.ac_stop_time_updates,trip_pair,Inbound,Inbound,0.0,15.0,3.75
2026-09-16,31,R,R - Red,0,102,ASU Mountain Laurel Hall / NC 105 Ext,36.206478118896484,-81.66874694824219,182,147,2026-09-16 12:00:03 EDT,2026-09-16 12:01:34 EDT,2026-09-16 12:02:00 EDT,2026-09-16 12:04:00 EDT,12:00,60,60.0,900.0,225.0,2,volpe_ip3_dev.gtfsrt.ac_stop_time_updates,trip_pair,Inbound,Inbound,1.0,15.0,3.75
2026-09-16,31,R,R - Red,0,103,Vet Clinic on Wilson Dr,36.202049255371094,-81.67160034179688,147,182,2026-09-16 12:02:43 EDT,2026-09-16 12:04:45 EDT,2026-09-16 12:04:00 EDT,2026-09-16 12:06:00 EDT,12:00,0,60.0,900.0,225.0,6,volpe_ip3_dev.gtfsrt.ac_stop_time_updates,trip_pair,Inbound,Inbound,0.0,15.0,3.75
2026-09-16,31,R,R - Red,0,103,Vet Clinic on Wilson Dr,36.202049255371094,-81.67160034179688,187,152,2026-09-16 15:45:17 EDT,2026-09-16 15:46:16 EDT,2026-09-16 15:47:00 EDT,2026-09-16 15:48:00 EDT,15:00,60,60.0,900.0,225.0,3,volpe_ip3_dev.gtfsrt.ac_stop_time_updates,trip_pair,Inbound,Inbound,1.0,15.0,3.75
2026-09-16,31,R,R - Red,0,111,NC 105 Ext / Azalea Dr,36.20625305175781,-81.66854858398438,152,187,2026-09-16 16:10:51 EDT,2026-09-16 16:10:51 EDT,2026-09-16 16:11:00 EDT,2026-09-16 16:11:00 EDT,16:00,0,0.0,900.0,225.0,1,volpe_ip3_dev.gtfsrt.ac_stop_time_updates,trip_pair,Inbound,Inbound,0.0,15.0,3.75
2026-09-16,31,R,R - Red,0,111,NC 105 Ext / Azalea Dr,36.20625305175781,-81.66854858398438,187,152,2026-09-16 16:09:49 EDT,2026-09-16 16:10:18 EDT,2026-09-16 16:11:00 EDT,2026-09-16 16:12:00 EDT,16:00,60,60.0,900.0,225.0,2,volpe_ip3_dev.gtfsrt.ac_stop_time_updates,trip_pair,Inbound,Inbound,1.0,15.0,3.75
2026-09-16,31,R,R - Red,0,111,NC 105 Ext / Azalea Dr,36.20625305175781,-81.66854858398438,153,188,2026-09-16 16:57:52 EDT,2026-09-16 16:57:52 EDT,2026-09-16 16:58:00 EDT,2026-09-16 16:58:00 EDT,16:00,0,0.0,900.0,225.0,1,volpe_ip3_dev.gtfsrt.ac_stop_time_updates,trip_pair,Inbound,Inbound,0.0,15.0,3.75
2026-09-16,31,R,R - Red,0,111,NC 105 Ext / Azalea Dr,36.20625305175781,-81.66854858398438,188,153,2026-09-16 16:56:56 EDT,2026-09-16 16:58:22 EDT,2026-09-16 16:59:00 EDT,2026-09-16 16:59:00 EDT,16:00,60,60.0,900.0,225.0,3,volpe_ip3_dev.gtfsrt.ac_stop_time_updates,trip_pair,Inbound,Inbound,1.0,15.0,3.75
2026-09-16,31,R,R - Red,0,72,Dan'l Boone Inn,36.2163200378418,-81.67489624023438,154,189,2026-09-16 17:07:24 EDT,2026-09-16 17:08:43 EDT,2026-09-16 17:08:00 EDT,2026-09-16 17:09:00 EDT,17:00,0,0.0,900.0,225.0,4,volpe_ip3_dev.gtfsrt.ac_stop_time_updates,trip_pair,Inbound,Inbound,0.0,15.0,3.75
2026-09-16,31,R,R - Red,0,72,Dan'l Boone Inn,36.2163200378418,-81.67489624023438,189,154,2026-09-16 17:09:23 EDT,2026-09-16 17:09:53 EDT,2026-09-16 17:10:00 EDT,2026-09-16 17:10:00 EDT,17:00,60,60.0,900.0,225.0,3,volpe_ip3_dev.gtfsrt.ac_stop_time_updates,trip_pair,Inbound,Inbound,1.0,15.0,3.75
2026-09-16,31,R,R - Red,0,8,Watauga Medical Center,36.198394775390625,-81.65241241455078,156,192,2026-09-16 19:25:00 EDT,2026-09-16 19:25:00 EDT,2026-09-16 19:29:00 EDT,2026-09-16 19:29:00 EDT,19:00,300,300.0,1200.0,300.0,1,volpe_ip3_dev.gtfsrt.ac_stop_time_updates,trip_pair,Inbound,Inbound,5.0,20.0,5.0
2026-09-16,31,R,R - Red,0,106,Boone Heights 1,36.20238494873047,-81.65646362304688,156,192,2026-09-16 19:29:26 EDT,2026-09-16 19:29:26 EDT,2026-09-16 19:30:00 EDT,2026-09-16 19:30:00 EDT,19:00,0,0.0,1200.0,300.0,1,volpe_ip3_dev.gtfsrt.ac_stop_time_updates,trip_pair,Inbound,Inbound,0.0,20.0,5.0
2026-09-16,31,R,R - Red,0,10,Parks & Rec,36.202579498291016,-81.65420532226562,192,156,2026-09-16 19:29:01 EDT,2026-09-16 19:29:01 EDT,2026-09-16 19:31:00 EDT,2026-09-16 19:31:00 EDT,19:00,60,60.0,1200.0,300.0,1,volpe_ip3_dev.gtfsrt.ac_stop_time_updates,trip_pair,Inbound,Inbound,1.0,20.0,5.0
2026-09-16,31,R,R - Red,0,108,Walmart 2,36.198158264160156,-81.65874481201172,192,156,2026-09-16 19:30:57 EDT,2026-09-16 19:30:57 EDT,2026-09-16 19:31:00 EDT,2026-09-16 19:31:00 EDT,19:00,60,60.0,1200.0,300.0,1,volpe_ip3_dev.gtfsrt.ac_stop_time_updates,trip_pair,Inbound,Inbound,1.0,20.0,5.0
2026-09-16,31,R,R - Red,0,72,Dan'l Boone Inn,36.2163200378418,-81.67489624023438,157,193,2026-09-16 19:49:27 EDT,2026-09-16 19:53:00 EDT,2026-09-16 19:51:00 EDT,2026-09-16 19:54:00 EDT,19:00,60,60.0,1200.0,300.0,9,volpe_ip3_dev.gtfsrt.ac_stop_time_updates,trip_pair,Inbound,Inbound,1.0,20.0,5.0
2026-09-16,31,R,R - Red,0,72,Dan'l Boone Inn,36.2163200378418,-81.67489624023438,193,157,2026-09-16 19:53:30 EDT,2026-09-16 19:53:50 EDT,2026-09-16 19:54:00 EDT,2026-09-16 19:54:00 EDT,19:00,60,60.0,1200.0,300.0,2,volpe_ip3_dev.gtfsrt.ac_stop_time_updates,trip_pair,Inbound,Inbound,1.0,20.0,5.0
2026-09-16,31,R,R - Red,0,73,King St / Hillside Dr,36.216163635253906,-81.67047119140625,193,157,2026-09-16 19:55:26 EDT,2026-09-16 19:55:26 EDT,2026-09-16 19:57:00 EDT,2026-09-16 19:57:00 EDT,19:00,120,120.0,1200.0,300.0,1,volpe_ip3_dev.gtfsrt.ac_stop_time_updates,trip_pair,Inbound,Inbound,2.0,20.0,5.0
2026-09-16,31,R,R - Red,0,102,ASU Mountain Laurel Hall / NC 105 Ext,36.206478118896484,-81.66874694824219,193,157,2026-09-16 19:56:27 EDT,2026-09-16 19:57:27 EDT,2026-09-16 19:59:00 EDT,2026-09-16 20:00:00 EDT,20:00,60,120.0,1200.0,300.0,3,volpe_ip3_dev.gtfsrt.ac_stop_time_updates,trip_pair,Inbound,Inbound,1.0,20.0,5.0
2026-09-16,31,R,R - Red,0,103,Vet Clinic on Wilson Dr,36.202049255371094,-81.67160034179688,157,193,2026-09-16 19:59:02 EDT,2026-09-16 19:59:58 EDT,2026-09-16 20:00:00 EDT,2026-09-16 20:01:00 EDT,20:00,0,0.0,1200.0,300.0,3,volpe_ip3_dev.gtfsrt.ac_stop_time_updates,trip_pair,Inbound,Inbound,0.0,20.0,5.0
2026-09-16,31,R,R - Red,0,103,Vet Clinic on Wilson Dr,36.202049255371094,-81.67160034179688,193,157,2026-09-16 20:00:22 EDT,2026-09-16 20:00:22 EDT,2026-09-16 20:01:00 EDT,2026-09-16 20:01:00 EDT,20:00,60,60.0,1200.0,300.0,1,volpe_ip3_dev.gtfsrt.ac_stop_time_updates,trip_pair,Inbound,Inbound,1.0,20.0,5.0
2026-09-16,31,R,R - Red,0,104,Winkler's Meadow,36.19975662231445,-81.67057037353516,157,193,2026-09-16 20:01:25 EDT,2026-09-16 20:01:25 EDT,2026-09-16 20:01:00 EDT,2026-09-16 20:01:00 EDT,20:00,0,0.0,1200.0,300.0,1,volpe_ip3_dev.gtfsrt.ac_stop_time_updates,trip_pair,Inbound,Inbound,0.0,20.0,5.0
2026-09-16,31,R,R - Red,0,105,Watauga Opportunities,36.198448181152344,-81.66809844970703,193,157,2026-09-16 20:02:20 EDT,2026-09-16 20:02:20 EDT,2026-09-16 20:03:00 EDT,2026-09-16 20:03:00 EDT,20:00,60,60.0,1200.0,300.0,1,volpe_ip3_dev.gtfsrt.ac_stop_time_updates,trip_pair,Inbound,Inbound,1.0,20.0,5.0
2026-09-16,31,R,R - Red,0,32,College Place,36.19792175292969,-81.66279602050781,157,193,2026-09-16 20:03:28 EDT,2026-09-16 20:03:28 EDT,2026-09-16 20:03:00 EDT,2026-09-16 20:03:00 EDT,20:00,0,0.0,1200.0,300.0,1,volpe_ip3_dev.gtfsrt.ac_stop_time_updates,trip_pair,Inbound,Inbound,0.0,20.0,5.0
2026-09-16,31,R,R - Red,0,33,Walmart 1,36.19804763793945,-81.65872192382812,157,193,2026-09-16 20:04:27 EDT,2026-09-16 20:04:27 EDT,2026-09-16 20:04:00 EDT,2026-09-16 20:04:00 EDT,20:00,0,0.0,1200.0,300.0,1,volpe_ip3_dev.gtfsrt.ac_stop_time_updates,trip_pair,Inbound,Inbound,0.0,20.0,5.0
2026-09-16,31,R,R - Red,0,33,Walmart 1,36.19804763793945,-81.65872192382812,193,157,2026-09-16 20:03:50 EDT,2026-09-16 20:03:50 EDT,2026-09-16 20:04:00 EDT,2026-09-16 20:04:00 EDT,20:00,60,60.0,1200.0,300.0,1,volpe_ip3_dev.gtfsrt.ac_stop_time_updates,trip_pair,Inbound,Inbound,1.0,20.0,5.0
2026-09-16,31,R,R - Red,0,8,Watauga Medical Center,36.198394775390625,-81.65241241455078,157,193,2026-09-16 20:05:02 EDT,2026-09-16 20:07:25 EDT,2026-09-16 20:07:00 EDT,2026-09-16 20:09:00 EDT,20:00,0,0.0,1200.0,300.0,5,volpe_ip3_dev.gtfsrt.ac_stop_time_updates,trip_pair,Inbound,Inbound,0.0,20.0,5.0
2026-09-16,31,R,R - Red,0,8,Watauga Medical Center,36.198394775390625,-81.65241241455078,193,157,2026-09-16 20:05:53 EDT,2026-09-16 20:05:53 EDT,2026-09-16 20:08:00 EDT,2026-09-16 20:08:00 EDT,20:00,60,60.0,1200.0,300.0,1,volpe_ip3_dev.gtfsrt.ac_stop_time_updates,trip_pair,Inbound,Inbound,1.0,20.0,5.0
2026-09-16,31,R,R - Red,0,9,ASU College of Health Sciences,36.20124053955078,-81.65235900878906,157,193,2026-09-16 20:07:51 EDT,2026-09-16 20:08:55 EDT,2026-09-16 20:08:00 EDT,2026-09-16 20:09:00 EDT,20:00,0,0.0,1200.0,300.0,3,volpe_ip3_dev.gtfsrt.ac_stop_time_updates,trip_pair,Inbound,Inbound,0.0,20.0,5.0
2026-09-16,31,R,R - Red,0,72,Dan'l Boone Inn,36.2163200378418,-81.67489624023438,159,195,2026-09-16 21:20:26 EDT,2026-09-16 21:22:30 EDT,2026-09-16 21:21:00 EDT,2026-09-16 21:23:00 EDT,21:00,0,0.0,1200.0,300.0,5,volpe_ip3_dev.gtfsrt.ac_stop_time_updates,trip_pair,Inbound,Inbound,0.0,20.0,5.0
2026-09-16,31,R,R - Red,0,72,Dan'l Boone Inn,36.2163200378418,-81.67489624023438,195,159,2026-09-16 21:23:00 EDT,2026-09-16 21:23:20 EDT,2026-09-16 21:24:00 EDT,2026-09-16 21:24:00 EDT,21:00,60,60.0,1200.0,300.0,2,volpe_ip3_dev.gtfsrt.ac_stop_time_updates,trip_pair,Inbound,Inbound,1.0,20.0,5.0
2026-09-17,9,PK,PK - Pink,0,14,ASU Mountain Laurel Hall,36.206146240234375,-81.67009735107422,744,820,2026-09-17 13:08:43 EDT,2026-09-17 13:10:20 EDT,2026-09-17 13:10:00 EDT,2026-09-17 13:11:00 EDT,13:00,60,60.0,600.0,150.0,4,volpe_ip3_dev.gtfsrt.ac_stop_time_updates,trip_pair,Inbound,Inbound,1.0,10.0,2.5
2026-09-17,9,PK,PK - Pink,0,36,ASU Skywalk,36.21227264404297,-81.67963409423828,744,820,2026-09-17 13:13:43 EDT,2026-09-17 13:14:15 EDT,2026-09-17 13:14:00 EDT,2026-09-17 13:15:00 EDT,13:00,0,30.0,600.0,150.0,2,volpe_ip3_dev.gtfsrt.ac_stop_time_updates,trip_pair,Inbound,Inbound,0.0,10.0,2.5
2026-09-17,9,PK,PK - Pink,0,26,ASU Garwood Hall,36.21305465698242,-81.68165588378906,745,821,2026-09-17 13:19:39 EDT,2026-09-17 13:22:19 EDT,2026-09-17 13:21:00 EDT,2026-09-17 13:23:00 EDT,13:00,0,0.0,600.0,150.0,6,volpe_ip3_dev.gtfsrt.ac_stop_time_updates,trip_pair,Inbound,Inbound,0.0,10.0,2.5
2026-09-17,9,PK,PK - Pink,0,26,ASU Garwood Hall,36.21305465698242,-81.68165588378906,821,745,2026-09-17 13:22:50 EDT,2026-09-17 13:22:50 EDT,2026-09-17 13:23:00 EDT,2026-09-17 13:23:00 EDT,13:00,60,60.0,600.0,150.0,1,volpe_ip3_dev.gtfsrt.ac_stop_time_updates,trip_pair,Inbound,Inbound,1.0,10.0,2.5
2026-09-17,9,PK,PK - Pink,0,14,ASU Mountain Laurel Hall,36.206146240234375,-81.67009735107422,752,828,2026-09-17 17:24:51 EDT,2026-09-17 17:25:31 EDT,2026-09-17 17:26:00 EDT,2026-09-17 17:26:00 EDT,17:00,60,90.0,600.0,150.0,2,volpe_ip3_dev.gtfsrt.ac_stop_time_updates,trip_pair,Inbound,Inbound,1.0,10.0,2.5
2026-09-17,9,PK,PK - Pink,0,36,ASU Skywalk,36.21227264404297,-81.67963409423828,752,828,2026-09-17 17:29:57 EDT,2026-09-17 17:30:55 EDT,2026-09-17 17:30:00 EDT,2026-09-17 17:31:00 EDT,17:00,60,60.0,600.0,150.0,3,volpe_ip3_dev.gtfsrt.ac_stop_time_updates,trip_pair,Inbound,Inbound,1.0,10.0,2.5
2026-09-17,9,PK,PK - Pink,0,6,The Finmore,36.20286178588867,-81.66133117675781,808,829,2026-09-17 17:54:55 EDT,2026-09-17 17:56:53 EDT,2026-09-17 17:55:00 EDT,2026-09-17 17:56:00 EDT,17:00,0,0.0,1200.0,300.0,5,volpe_ip3_dev.gtfsrt.ac_stop_time_updates,trip_pair,Inbound,Inbound,0.0,20.0,5.0
2026-09-17,9,PK,PK - Pink,0,82,ASU University Hall,36.205265045166016,-81.66351318359375,808,829,2026-09-17 18:11:31 EDT,2026-09-17 18:13:51 EDT,2026-09-17 18:14:00 EDT,2026-09-17 18:16:00 EDT,18:00,0,0.0,1200.0,300.0,6,volpe_ip3_dev.gtfsrt.ac_stop_time_updates,trip_pair,Inbound,Inbound,0.0,20.0,5.0
2026-09-17,10,POP,POP - POP105,0,84,Hodges Gap Rd,36.20937728881836,-81.70649719238281,2851,2904,2026-09-17 13:05:12 EDT,2026-09-17 13:05:12 EDT,2026-09-17 13:06:00 EDT,2026-09-17 13:06:00 EDT,13:00,60,60.0,900.0,225.0,2,volpe_ip3_dev.gtfsrt.ac_stop_time_updates,trip_pair,Inbound,Inbound,1.0,15.0,3.75
2026-09-17,31,R,R - Red,0,111,NC 105 Ext / Azalea Dr,36.20625305175781,-81.66854858398438,153,174,2026-09-17 17:21:51 EDT,2026-09-17 17:23:47 EDT,2026-09-17 17:24:00 EDT,2026-09-17 17:25:00 EDT,17:00,60,60.0,900.0,225.0,5,volpe_ip3_dev.gtfsrt.ac_stop_time_updates,trip_pair,Inbound,Inbound,1.0,15.0,3.75
2026-09-17,31,R,R - Red,0,55,Kingswood,36.21635818481445,-81.67219543457031,153,174,2026-09-17 17:29:20 EDT,2026-09-17 17:29:20 EDT,2026-09-17 17:30:00 EDT,2026-09-17 17:30:00 EDT,17:00,60,60.0,900.0,225.0,1,volpe_ip3_dev.gtfsrt.ac_stop_time_updates,trip_pair,Inbound,Inbound,1.0,15.0,3.75
2026-09-18,11,P,P - Purple,0,92,Greenway Rd Parking Lot,36.19805145263672,-81.66397857666016,456,484,2026-09-18 13:35:39 EDT,2026-09-18 13:35:39 EDT,2026-09-18 13:35:00 EDT,2026-09-18 13:35:00 EDT,13:00,0,0.0,900.0,225.0,1,volpe_ip3_dev.gtfsrt.ac_stop_time_updates,trip_pair,Inbound,Inbound,0.0,15.0,3.75
2026-09-18,11,P,P - Purple,0,92,Greenway Rd Parking Lot,36.19805145263672,-81.66397857666016,484,456,2026-09-18 13:35:13 EDT,2026-09-18 13:35:13 EDT,2026-09-18 13:36:00 EDT,2026-09-18 13:36:00 EDT,13:00,60,60.0,900.0,225.0,1,volpe_ip3_dev.gtfsrt.ac_stop_time_updates,trip_pair,Inbound,Inbound,1.0,15.0,3.75
2026-09-18,11,P,P - Purple,0,26,ASU Garwood Hall,36.21305465698242,-81.68165588378906,460,488,2026-09-18 15:20:21 EDT,2026-09-18 15:24:17 EDT,2026-09-18 15:21:00 EDT,2026-09-18 15:25:00 EDT,15:00,0,0.0,900.0,225.0,10,volpe_ip3_dev.gtfsrt.ac_stop_time_updates,trip_pair,Inbound,Inbound,0.0,15.0,3.75
2026-09-18,11,P,P - Purple,0,26,ASU Garwood Hall,36.21305465698242,-81.68165588378906,488,460,2026-09-18 15:19:51 EDT,2026-09-18 15:19:51 EDT,2026-09-18 15:21:00 EDT,2026-09-18 15:21:00 EDT,15:00,60,60.0,900.0,225.0,1,volpe_ip3_dev.gtfsrt.ac_stop_time_updates,trip_pair,Inbound,Inbound,1.0,15.0,3.75
2026-09-18,11,P,P - Purple,0,14,ASU Mountain Laurel Hall,36.206146240234375,-81.67009735107422,464,493,2026-09-18 17:58:27 EDT,2026-09-18 17:58:27 EDT,2026-09-18 17:59:00 EDT,2026-09-18 17:59:00 EDT,17:00,60,60.0,900.0,225.0,1,volpe_ip3_dev.gtfsrt.ac_stop_time_updates,trip_pair,Inbound,Inbound,1.0,15.0,3.75
2026-09-18,9,PK,PK - Pink,0,14,ASU Mountain Laurel Hall,36.206146240234375,-81.67009735107422,747,822,2026-09-18 14:31:37 EDT,2026-09-18 14:32:49 EDT,2026-09-18 14:32:00 EDT,2026-09-18 14:33:00 EDT,14:00,60,60.0,1200.0,300.0,3,volpe_ip3_dev.gtfsrt.ac_stop_time_updates,trip_pair,Inbound,Inbound,1.0,20.0,5.0
2026-09-18,9,PK,PK - Pink,0,29,McDonalds,36.20663833618164,-81.67127227783203,828,753,2026-09-18 17:14:15 EDT,2026-09-18 17:15:51 EDT,2026-09-18 17:15:00 EDT,2026-09-18 17:16:00 EDT,17:00,60,60.0,1200.0,300.0,4,volpe_ip3_dev.gtfsrt.ac_stop_time_updates,trip_pair,Inbound,Inbound,1.0,20.0,5.0
2026-09-18,9,PK,PK - Pink,0,30,Boone Mall,36.203514099121094,-81.66619110107422,753,828,2026-09-18 17:18:15 EDT,2026-09-18 17:20:47 EDT,2026-09-18 17:20:00 EDT,2026-09-18 17:21:00 EDT,17:00,0,0.0,1200.0,300.0,5,volpe_ip3_dev.gtfsrt.ac_stop_time_updates,trip_pair,Inbound,Inbound,0.0,20.0,5.0
2026-09-18,9,PK,PK - Pink,0,7,Postal St / Blowing Rock Rd,36.200992584228516,-81.66154479980469,753,828,2026-09-18 17:21:47 EDT,2026-09-18 17:21:47 EDT,2026-09-18 17:21:00 EDT,2026-09-18 17:21:00 EDT,17:00,0,0.0,1200.0,300.0,1,volpe_ip3_dev.gtfsrt.ac_stop_time_updates,trip_pair,Inbound,Inbound,0.0,20.0,5.0
2026-09-18,9,PK,PK - Pink,0,30,Boone Mall,36.203514099121094,-81.66619110107422,828,753,2026-09-18 17:20:16 EDT,2026-09-18 17:20:16 EDT,2026-09-18 17:22:00 EDT,2026-09-18 17:22:00 EDT,17:00,120,120.0,1200.0,300.0,1,volpe_ip3_dev.gtfsrt.ac_stop_time_updates,trip_pair,Inbound,Inbound,2.0,20.0,5.0
2026-09-18,9,PK,PK - Pink,0,81,Pride Dr,36.19963836669922,-81.6595687866211,828,753,2026-09-18 17:22:15 EDT,2026-09-18 17:22:15 EDT,2026-09-18 17:22:30 EDT,2026-09-18 17:22:30 EDT,17:00,60,60.0,1200.0,300.0,1,volpe_ip3_dev.gtfsrt.ac_stop_time_updates,trip_pair,Inbound,Inbound,1.0,20.0,5.0
2026-09-18,9,PK,PK - Pink,0,8,Watauga Medical Center,36.198394775390625,-81.65241241455078,753,828,2026-09-18 17:22:47 EDT,2026-09-18 17:25:16 EDT,2026-09-18 17:24:00 EDT,2026-09-18 17:25:00 EDT,17:00,0,0.0,1200.0,300.0,6,volpe_ip3_dev.gtfsrt.ac_stop_time_updates,trip_pair,Inbound,Inbound,0.0,20.0,5.0
2026-09-18,9,PK,PK - Pink,0,9,ASU College of Health Sciences,36.20124053955078,-81.65235900878906,753,828,2026-09-18 17:26:23 EDT,2026-09-18 17:26:56 EDT,2026-09-18 17:26:00 EDT,2026-09-18 17:26:00 EDT,17:00,0,0.0,1200.0,300.0,2,volpe_ip3_dev.gtfsrt.ac_stop_time_updates,trip_pair,Inbound,Inbound,0.0,20.0,5.0
2026-09-18,9,PK,PK - Pink,0,10,Parks & Rec,36.202579498291016,-81.65420532226562,753,828,2026-09-18 17:27:17 EDT,2026-09-18 17:29:21 EDT,2026-09-18 17:29:00 EDT,2026-09-18 17:31:00 EDT,17:00,0,0.0,1200.0,300.0,6,volpe_ip3_dev.gtfsrt.ac_stop_time_updates,trip_pair,Inbound,Inbound,0.0,20.0,5.0
2026-09-18,9,PK,PK - Pink,0,10,Parks & Rec,36.202579498291016,-81.65420532226562,828,753,2026-09-18 17:29:55 EDT,2026-09-18 17:29:55 EDT,2026-09-18 17:30:00 EDT,2026-09-18 17:30:00 EDT,17:00,60,60.0,1200.0,300.0,1,volpe_ip3_dev.gtfsrt.ac_stop_time_updates,trip_pair,Inbound,Inbound,1.0,20.0,5.0
2026-09-18,9,PK,PK - Pink,0,6,The Finmore,36.20286178588867,-81.66133117675781,753,828,2026-09-18 17:30:25 EDT,2026-09-18 17:31:20 EDT,2026-09-18 17:30:00 EDT,2026-09-18 17:31:00 EDT,17:00,0,0.0,1200.0,300.0,3,volpe_ip3_dev.gtfsrt.ac_stop_time_updates,trip_pair,Inbound,Inbound,0.0,20.0,5.0
2026-09-18,31,R,R - Red,0,103,Vet Clinic on Wilson Dr,36.202049255371094,-81.67160034179688,153,174,2026-09-18 16:53:56 EDT,2026-09-18 16:54:46 EDT,2026-09-18 16:55:00 EDT,2026-09-18 16:56:00 EDT,16:00,60,120.0,900.0,225.0,3,volpe_ip3_dev.gtfsrt.ac_stop_time_updates,trip_pair,Inbound,Inbound,1.0,15.0,3.75
2026-09-18,31,R,R - Red,0,8,Watauga Medical Center,36.198394775390625,-81.65241241455078,153,174,2026-09-18 17:01:22 EDT,2026-09-18 17:05:45 EDT,2026-09-18 17:05:00 EDT,2026-09-18 17:06:00 EDT,17:00,0,30.0,900.0,225.0,10,volpe_ip3_dev.gtfsrt.ac_stop_time_updates,trip_pair,Inbound,Inbound,0.0,15.0,3.75
2026-09-18,31,R,R - Red,0,9,ASU College of Health Sciences,36.20124053955078,-81.65235900878906,153,174,2026-09-18 17:06:57 EDT,2026-09-18 17:07:17 EDT,2026-09-18 17:07:00 EDT,2026-09-18 17:07:00 EDT,17:00,0,0.0,900.0,225.0,2,volpe_ip3_dev.gtfsrt.ac_stop_time_updates,trip_pair,Inbound,Inbound,0.0,15.0,3.75
2026-09-18,31,R,R - Red,0,10,Parks & Rec,36.202579498291016,-81.65420532226562,153,174,2026-09-18 17:07:50 EDT,2026-09-18 17:07:50 EDT,2026-09-18 17:11:00 EDT,2026-09-18 17:11:00 EDT,17:00,180,180.0,900.0,225.0,1,volpe_ip3_dev.gtfsrt.ac_stop_time_updates,trip_pair,Inbound,Inbound,3.0,15.0,3.75
2026-09-18,31,R,R - Red,0,108,Walmart 2,36.198158264160156,-81.65874481201172,153,174,2026-09-18 17:10:45 EDT,2026-09-18 17:11:49 EDT,2026-09-18 17:11:00 EDT,2026-09-18 17:12:00 EDT,17:00,0,0.0,900.0,225.0,3,volpe_ip3_dev.gtfsrt.ac_stop_time_updates,trip_pair,Inbound,Inbound,0.0,15.0,3.75
2026-09-18,31,R,R - Red,0,92,Greenway Rd Parking Lot,36.19805145263672,-81.66397857666016,153,174,2026-09-18 17:13:21 EDT,2026-09-18 17:13:21 EDT,2026-09-18 17:14:00 EDT,2026-09-18 17:14:00 EDT,17:00,120,120.0,900.0,225.0,1,volpe_ip3_dev.gtfsrt.ac_stop_time_updates,trip_pair,Inbound,Inbound,2.0,15.0,3.75
2026-09-18,31,R,R - Red,0,111,NC 105 Ext / Azalea Dr,36.20625305175781,-81.66854858398438,153,174,2026-09-18 17:18:17 EDT,2026-09-18 17:20:52 EDT,2026-09-18 17:20:00 EDT,2026-09-18 17:21:00 EDT,17:00,0,0.0,900.0,225.0,6,volpe_ip3_dev.gtfsrt.ac_stop_time_updates,trip_pair,Inbound,Inbound,0.0,15.0,3.75
2026-09-18,31,R,R - Red,0,109,Beverly Heights Ave,36.210838317871094,-81.66700744628906,153,174,2026-09-18 17:21:43 EDT,2026-09-18 17:22:23 EDT,2026-09-18 17:22:00 EDT,2026-09-18 17:22:00 EDT,17:00,0,0.0,900.0,225.0,2,volpe_ip3_dev.gtfsrt.ac_stop_time_updates,trip_pair,Inbound,Inbound,0.0,15.0,3.75
2026-09-18,31,R,R - Red,0,111,NC 105 Ext / Azalea Dr,36.20625305175781,-81.66854858398438,174,153,2026-09-18 17:21:27 EDT,2026-09-18 17:21:27 EDT,2026-09-18 17:22:00 EDT,2026-09-18 17:22:00 EDT,17:00,60,60.0,900.0,225.0,1,volpe_ip3_dev.gtfsrt.ac_stop_time_updates,trip_pair,Inbound,Inbound,1.0,15.0,3.75
2026-09-18,31,R,R - Red,0,55,Kingswood,36.21635818481445,-81.67219543457031,153,174,2026-09-18 17:24:24 EDT,2026-09-18 17:24:53 EDT,2026-09-18 17:24:00 EDT,2026-09-18 17:25:00 EDT,17:00,0,0.0,900.0,225.0,2,volpe_ip3_dev.gtfsrt.ac_stop_time_updates,trip_pair,Inbound,Inbound,0.0,15.0,3.75
2026-09-18,31,R,R - Red,0,56,Earth Fare,36.21662902832031,-81.67589569091797,153,174,2026-09-18 17:25:49 EDT,2026-09-18 17:26:51 EDT,2026-09-18 17:26:00 EDT,2026-09-18 17:27:00 EDT,17:00,0,0.0,900.0,225.0,3,volpe_ip3_dev.gtfsrt.ac_stop_time_updates,trip_pair,Inbound,Inbound,0.0,15.0,3.75
2026-09-18,31,R,R - Red,0,111,NC 105 Ext / Azalea Dr,36.20625305175781,-81.66854858398438,156,192,2026-09-18 19:15:59 EDT,2026-09-18 19:15:59 EDT,2026-09-18 19:16:00 EDT,2026-09-18 19:16:00 EDT,19:00,0,0.0,1200.0,300.0,1,volpe_ip3_dev.gtfsrt.ac_stop_time_updates,trip_pair,Inbound,Inbound,0.0,20.0,5.0
2026-09-18,31,R,R - Red,0,109,Beverly Heights Ave,36.210838317871094,-81.66700744628906,156,192,2026-09-18 19:17:24 EDT,2026-09-18 19:17:24 EDT,2026-09-18 19:17:00 EDT,2026-09-18 19:17:00 EDT,19:00,0,0.0,1200.0,300.0,1,volpe_ip3_dev.gtfsrt.ac_stop_time_updates,trip_pair,Inbound,Inbound,0.0,20.0,5.0
2026-09-18,31,R,R - Red,0,111,NC 105 Ext / Azalea Dr,36.20625305175781,-81.66854858398438,192,156,2026-09-18 19:15:21 EDT,2026-09-18 19:15:21 EDT,2026-09-18 19:17:00 EDT,2026-09-18 19:17:00 EDT,19:00,60,60.0,1200.0,300.0,1,volpe_ip3_dev.gtfsrt.ac_stop_time_updates,trip_pair,Inbound,Inbound,1.0,20.0,5.0
2026-09-18,31,R,R - Red,0,55,Kingswood,36.21635818481445,-81.67219543457031,156,192,2026-09-18 19:19:21 EDT,2026-09-18 19:19:21 EDT,2026-09-18 19:19:00 EDT,2026-09-18 19:19:00 EDT,19:00,0,0.0,1200.0,300.0,1,volpe_ip3_dev.gtfsrt.ac_stop_time_updates,trip_pair,Inbound,Inbound,0.0,20.0,5.0
2026-09-19,31,R,R - Red,0,72,Dan'l Boone Inn,36.2163200378418,-81.67489624023438,203,209,2026-09-19 14:05:08 EDT,2026-09-19 14:09:57 EDT,2026-09-19 14:06:00 EDT,2026-09-19 14:10:00 EDT,14:00,0,0.0,12300.0,600.0,11,volpe_ip3_dev.gtfsrt.ac_stop_time_updates,trip_pair,Inbound,Inbound,0.0,205.0,10.0
2026-09-19,31,R,R - Red,0,72,Dan'l Boone Inn,36.2163200378418,-81.67489624023438,209,203,2026-09-19 14:04:03 EDT,2026-09-19 14:04:34 EDT,2026-09-19 14:06:00 EDT,2026-09-19 14:06:00 EDT,14:00,60,90.0,12300.0,600.0,2,volpe_ip3_dev.gtfsrt.ac_stop_time_updates,trip_pair,Inbound,Inbound,1.0,205.0,10.0
2026-09-19,31,R,R - Red,0,72,Dan'l Boone Inn,36.2163200378418,-81.67489624023438,209,214,2026-09-19 14:27:29 EDT,2026-09-19 14:27:29 EDT,2026-09-19 14:28:00 EDT,2026-09-19 14:28:00 EDT,14:00,420,420.0,13500.0,600.0,1,volpe_ip3_dev.gtfsrt.ac_stop_time_updates,trip_pair,Inbound,Inbound,7.0,225.0,10.0
